Date,price,daily_difference,signal,positions
2019-05-01,26430.14,,0.0,
2019-05-02,26307.79,-122.34999999999854,0.0,0.0
2019-05-03,26504.95,197.15999999999985,1.0,1.0
2019-05-06,26438.48,-66.47000000000116,0.0,-1.0
2019-05-07,25965.09,-473.3899999999994,0.0,0.0
2019-05-08,25967.33,2.2400000000016007,1.0,1.0
2019-05-09,25828.36,-138.97000000000116,0.0,-1.0
2019-05-10,25942.37,114.0099999999984,1.0,1.0
2019-05-13,25324.99,-617.3799999999974,0.0,-1.0
2019-05-14,25532.05,207.05999999999767,1.0,1.0
2019-05-15,25648.02,115.97000000000116,1.0,0.0
2019-05-16,25862.68,214.65999999999985,1.0,0.0
2019-05-17,25764.0,-98.68000000000029,0.0,-1.0
2019-05-20,25679.9,-84.09999999999854,0.0,0.0
2019-05-21,25877.33,197.4300000000003,1.0,1.0
2019-05-22,25776.61,-100.72000000000116,0.0,-1.0
2019-05-23,25490.47,-286.1399999999994,0.0,0.0
2019-05-24,25585.69,95.21999999999753,1.0,1.0
2019-05-28,25347.77,-237.91999999999825,0.0,-1.0
2019-05-29,25126.41,-221.36000000000058,0.0,0.0
2019-05-30,25169.88,43.470000000001164,1.0,1.0
2019-05-31,24815.04,-354.84000000000015,0.0,-1.0
2019-06-03,24819.78,4.739999999997963,1.0,1.0
2019-06-04,25332.18,512.4000000000015,1.0,0.0
2019-06-05,25539.57,207.38999999999942,1.0,0.0
2019-06-06,25720.66,181.09000000000015,1.0,0.0
2019-06-07,25983.94,263.27999999999884,1.0,0.0
2019-06-10,26062.68,78.7400000000016,1.0,0.0
2019-06-11,26048.51,-14.170000000001892,0.0,-1.0
2019-06-12,26004.83,-43.67999999999665,0.0,0.0
2019-06-13,26106.77,101.93999999999869,1.0,1.0
2019-06-14,26089.61,-17.159999999999854,0.0,-1.0
2019-06-17,26112.53,22.919999999998254,1.0,1.0
2019-06-18,26465.54,353.01000000000204,1.0,0.0
2019-06-19,26504.0,38.45999999999913,1.0,0.0
2019-06-20,26753.17,249.16999999999825,1.0,0.0
2019-06-21,26719.13,-34.039999999997235,0.0,-1.0
2019-06-24,26727.54,8.409999999999854,1.0,1.0
2019-06-25,26548.22,-179.3199999999997,0.0,-1.0
2019-06-26,26536.82,-11.400000000001455,0.0,0.0
2019-06-27,26526.58,-10.239999999997963,0.0,0.0
2019-06-28,26599.96,73.37999999999738,1.0,1.0
2019-07-01,26717.43,117.47000000000116,1.0,0.0
2019-07-02,26786.68,69.25,1.0,0.0
2019-07-03,26966.0,179.3199999999997,1.0,0.0
2019-07-05,26922.12,-43.88000000000102,0.0,-1.0
2019-07-08,26806.14,-115.97999999999956,0.0,0.0
2019-07-09,26783.49,-22.649999999997817,0.0,0.0
2019-07-10,26860.2,76.70999999999913,1.0,1.0
2019-07-11,27088.08,227.88000000000102,1.0,0.0
2019-07-12,27332.03,243.9499999999971,1.0,0.0
2019-07-15,27359.16,27.13000000000102,1.0,0.0
2019-07-16,27335.63,-23.529999999998836,0.0,-1.0
2019-07-17,27219.85,-115.78000000000247,0.0,0.0
2019-07-18,27222.97,3.1200000000026193,1.0,1.0
2019-07-19,27154.2,-68.77000000000044,0.0,-1.0
2019-07-22,27171.9,17.700000000000728,1.0,1.0
2019-07-23,27349.19,177.28999999999724,1.0,0.0
2019-07-24,27269.97,-79.21999999999753,0.0,-1.0
2019-07-25,27140.98,-128.9900000000016,0.0,0.0
2019-07-26,27192.45,51.470000000001164,1.0,1.0
2019-07-29,27221.35,28.899999999997817,1.0,0.0
2019-07-30,27198.02,-23.32999999999811,0.0,-1.0
2019-07-31,26864.27,-333.75,0.0,0.0
2019-08-01,26583.42,-280.8500000000022,0.0,0.0
2019-08-02,26485.01,-98.40999999999985,0.0,0.0
2019-08-05,25717.74,-767.2699999999968,0.0,0.0
2019-08-06,26029.52,311.77999999999884,1.0,1.0
2019-08-07,26007.07,-22.450000000000728,0.0,-1.0
2019-08-08,26378.19,371.119999999999,1.0,1.0
2019-08-09,26287.44,-90.75,0.0,-1.0
2019-08-12,25907.37,-380.0699999999997,0.0,0.0
2019-08-13,26279.91,372.5400000000009,1.0,1.0
2019-08-14,25479.42,-800.4900000000016,0.0,-1.0
2019-08-15,25579.39,99.97000000000116,1.0,1.0
2019-08-16,25886.01,306.619999999999,1.0,0.0
2019-08-19,26135.79,249.78000000000247,1.0,0.0
2019-08-20,25962.44,-173.35000000000218,0.0,-1.0
2019-08-21,26202.73,240.29000000000087,1.0,1.0
2019-08-22,26252.24,49.51000000000204,1.0,0.0
2019-08-23,25628.9,-623.3400000000001,0.0,-1.0
2019-08-26,25898.83,269.9300000000003,1.0,1.0
2019-08-27,25777.9,-120.93000000000029,0.0,-1.0
2019-08-28,26036.1,258.1999999999971,1.0,1.0
2019-08-29,26362.25,326.15000000000146,1.0,0.0
2019-08-30,26403.28,41.029999999998836,1.0,0.0
2019-09-03,26118.02,-285.2599999999984,0.0,-1.0
2019-09-04,26355.47,237.45000000000073,1.0,1.0
2019-09-05,26728.15,372.6800000000003,1.0,0.0
2019-09-06,26797.46,69.30999999999767,1.0,0.0
2019-09-09,26835.51,38.04999999999927,1.0,0.0
2019-09-10,26909.43,73.92000000000189,1.0,0.0
2019-09-11,27137.04,227.61000000000058,1.0,0.0
2019-09-12,27182.45,45.409999999999854,1.0,0.0
2019-09-13,27219.52,37.06999999999971,1.0,0.0
2019-09-16,27076.82,-142.70000000000073,0.0,-1.0
2019-09-17,27110.8,33.97999999999956,1.0,1.0
2019-09-18,27147.08,36.280000000002474,1.0,0.0
2019-09-19,27094.79,-52.29000000000087,0.0,-1.0
2019-09-20,26935.07,-159.72000000000116,0.0,0.0
2019-09-23,26949.99,14.920000000001892,1.0,1.0
2019-09-24,26807.77,-142.22000000000116,0.0,-1.0
2019-09-25,26970.71,162.9399999999987,1.0,1.0
2019-09-26,26891.12,-79.59000000000015,0.0,-1.0
2019-09-27,26820.25,-70.86999999999898,0.0,0.0
2019-09-30,26916.83,96.58000000000175,1.0,1.0
2019-10-01,26573.04,-343.7900000000009,0.0,-1.0
2019-10-02,26078.62,-494.4200000000019,0.0,0.0
2019-10-03,26201.04,122.42000000000189,1.0,1.0
2019-10-04,26573.72,372.6800000000003,1.0,0.0
2019-10-07,26478.02,-95.70000000000073,0.0,-1.0
2019-10-08,26164.04,-313.97999999999956,0.0,0.0
2019-10-09,26346.01,181.96999999999753,1.0,1.0
2019-10-10,26496.67,150.65999999999985,1.0,0.0
2019-10-11,26816.59,319.9200000000019,1.0,0.0
2019-10-14,26787.36,-29.229999999999563,0.0,-1.0
2019-10-15,27024.8,237.4399999999987,1.0,1.0
2019-10-16,27001.98,-22.81999999999971,0.0,-1.0
2019-10-17,27025.88,23.900000000001455,1.0,1.0
2019-10-18,26770.2,-255.6800000000003,0.0,-1.0
2019-10-21,26827.64,57.43999999999869,1.0,1.0
2019-10-22,26788.1,-39.54000000000087,0.0,-1.0
2019-10-23,26833.95,45.85000000000218,1.0,1.0
2019-10-24,26805.53,-28.42000000000189,0.0,-1.0
2019-10-25,26958.06,152.53000000000247,1.0,1.0
2019-10-28,27090.72,132.65999999999985,1.0,0.0
2019-10-29,27071.42,-19.30000000000291,0.0,-1.0
2019-10-30,27186.69,115.27000000000044,1.0,1.0
2019-10-31,27046.23,-140.45999999999913,0.0,-1.0
2019-11-01,27347.36,301.130000000001,1.0,1.0
2019-11-04,27462.11,114.75,1.0,0.0
2019-11-05,27492.63,30.520000000000437,1.0,0.0
2019-11-06,27492.56,-0.06999999999970896,0.0,-1.0
2019-11-07,27674.8,182.23999999999796,1.0,1.0
2019-11-08,27681.24,6.440000000002328,1.0,0.0
2019-11-11,27691.49,10.25,1.0,0.0
2019-11-12,27691.49,0.0,0.0,-1.0
2019-11-13,27783.59,92.09999999999854,1.0,1.0
2019-11-14,27781.96,-1.6300000000010186,0.0,-1.0
2019-11-15,28004.89,222.9300000000003,1.0,1.0
2019-11-18,28036.22,31.330000000001746,1.0,0.0
2019-11-19,27934.02,-102.20000000000073,0.0,-1.0
2019-11-20,27821.09,-112.93000000000029,0.0,0.0
2019-11-21,27766.29,-54.79999999999927,0.0,0.0
2019-11-22,27875.62,109.32999999999811,1.0,1.0
2019-11-25,28066.47,190.85000000000218,1.0,0.0
2019-11-26,28121.68,55.20999999999913,1.0,0.0
2019-11-27,28164.0,42.31999999999971,1.0,0.0
2019-11-29,28051.41,-112.59000000000015,0.0,-1.0
2019-12-02,27783.04,-268.369999999999,0.0,0.0
2019-12-03,27502.81,-280.22999999999956,0.0,0.0
2019-12-04,27649.78,146.96999999999753,1.0,1.0
2019-12-05,27677.79,28.010000000002037,1.0,0.0
2019-12-06,28015.06,337.27000000000044,1.0,0.0
2019-12-09,27909.6,-105.46000000000276,0.0,-1.0
2019-12-10,27881.72,-27.87999999999738,0.0,0.0
2019-12-11,27911.3,29.57999999999811,1.0,1.0
2019-12-12,28132.05,220.75,1.0,0.0
2019-12-13,28135.38,3.3300000000017462,1.0,0.0
2019-12-16,28235.89,100.5099999999984,1.0,0.0
2019-12-17,28267.16,31.270000000000437,1.0,0.0
2019-12-18,28239.28,-27.88000000000102,0.0,-1.0
2019-12-19,28376.96,137.6800000000003,1.0,1.0
2019-12-20,28455.09,78.13000000000102,1.0,0.0
2019-12-23,28551.53,96.43999999999869,1.0,0.0
2019-12-24,28515.45,-36.07999999999811,0.0,-1.0
2019-12-26,28621.39,105.93999999999869,1.0,1.0
2019-12-27,28645.26,23.86999999999898,1.0,0.0
2019-12-30,28462.14,-183.11999999999898,0.0,-1.0
2019-12-31,28538.44,76.29999999999927,1.0,1.0
2020-01-02,28868.8,330.3600000000006,1.0,0.0
2020-01-03,28634.88,-233.91999999999825,0.0,-1.0
2020-01-06,28703.38,68.5,1.0,1.0
2020-01-07,28583.68,-119.70000000000073,0.0,-1.0
2020-01-08,28745.09,161.40999999999985,1.0,1.0
2020-01-09,28956.9,211.8100000000013,1.0,0.0
2020-01-10,28823.77,-133.13000000000102,0.0,-1.0
2020-01-13,28907.05,83.27999999999884,1.0,1.0
2020-01-14,28939.67,32.61999999999898,1.0,0.0
2020-01-15,29030.22,90.55000000000291,1.0,0.0
2020-01-16,29297.64,267.41999999999825,1.0,0.0
2020-01-17,29348.1,50.45999999999913,1.0,0.0
2020-01-21,29196.04,-152.05999999999767,0.0,-1.0
2020-01-22,29186.27,-9.770000000000437,0.0,0.0
2020-01-23,29160.09,-26.18000000000029,0.0,0.0
2020-01-24,28989.73,-170.36000000000058,0.0,0.0
2020-01-27,28535.8,-453.9300000000003,0.0,0.0
2020-01-28,28722.85,187.04999999999927,1.0,1.0
2020-01-29,28734.45,11.600000000002183,1.0,0.0
2020-01-30,28859.44,124.98999999999796,1.0,0.0
2020-01-31,28256.03,-603.4099999999999,0.0,-1.0
2020-02-03,28399.81,143.78000000000247,1.0,1.0
2020-02-04,28807.63,407.8199999999997,1.0,0.0
2020-02-05,29290.85,483.2199999999975,1.0,0.0
2020-02-06,29379.77,88.92000000000189,1.0,0.0
2020-02-07,29102.51,-277.26000000000204,0.0,-1.0
2020-02-10,29276.82,174.3100000000013,1.0,1.0
2020-02-11,29276.34,-0.47999999999956344,0.0,-1.0
2020-02-12,29551.42,275.0799999999981,1.0,1.0
2020-02-13,29423.31,-128.10999999999694,0.0,-1.0
2020-02-14,29398.08,-25.229999999999563,0.0,0.0
2020-02-18,29232.19,-165.89000000000306,0.0,0.0
2020-02-19,29348.03,115.84000000000015,1.0,1.0
2020-02-20,29219.98,-128.04999999999927,0.0,-1.0
2020-02-21,28992.41,-227.5699999999997,0.0,0.0
2020-02-24,27960.8,-1031.6100000000006,0.0,0.0
2020-02-25,27081.36,-879.4399999999987,0.0,0.0
2020-02-26,26957.59,-123.77000000000044,0.0,0.0
2020-02-27,25766.64,-1190.9500000000007,0.0,0.0
2020-02-28,25409.36,-357.27999999999884,0.0,0.0
2020-03-02,26703.32,1293.9599999999991,1.0,1.0
2020-03-03,25917.41,-785.9099999999999,0.0,-1.0
2020-03-04,27090.86,1173.4500000000007,1.0,1.0
2020-03-05,26121.28,-969.5800000000017,0.0,-1.0
2020-03-06,25864.78,-256.5,0.0,0.0
2020-03-09,23851.02,-2013.7599999999984,0.0,0.0
2020-03-10,25018.16,1167.1399999999994,1.0,1.0
2020-03-11,23553.22,-1464.9399999999987,0.0,-1.0
2020-03-12,21200.62,-2352.600000000002,0.0,0.0
2020-03-13,23185.62,1985.0,1.0,1.0
2020-03-16,20188.52,-2997.0999999999985,0.0,-1.0
2020-03-17,21237.38,1048.8600000000006,1.0,1.0
2020-03-18,19898.92,-1338.4600000000028,0.0,-1.0
2020-03-19,20087.19,188.27000000000044,1.0,1.0
2020-03-20,19173.98,-913.2099999999991,0.0,-1.0
2020-03-23,18591.93,-582.0499999999993,0.0,0.0
2020-03-24,20704.91,2112.9799999999996,1.0,1.0
2020-03-25,21200.55,495.6399999999994,1.0,0.0
2020-03-26,22552.17,1351.619999999999,1.0,0.0
2020-03-27,21636.78,-915.3899999999994,0.0,-1.0
2020-03-30,22327.48,690.7000000000007,1.0,1.0
2020-03-31,21917.16,-410.3199999999997,0.0,-1.0
2020-04-01,20943.51,-973.6500000000015,0.0,0.0
2020-04-02,21413.44,469.9300000000003,1.0,1.0
2020-04-03,21052.53,-360.90999999999985,0.0,-1.0
2020-04-06,22679.99,1627.4600000000028,1.0,1.0
2020-04-07,22653.86,-26.13000000000102,0.0,-1.0
2020-04-08,23433.57,779.7099999999991,1.0,1.0
2020-04-09,23719.37,285.7999999999993,1.0,0.0
2020-04-13,23390.77,-328.59999999999854,0.0,-1.0
2020-04-14,23949.76,558.989999999998,1.0,1.0
2020-04-15,23504.35,-445.40999999999985,0.0,-1.0
2020-04-16,23537.68,33.330000000001746,1.0,1.0
2020-04-17,24242.49,704.8100000000013,1.0,0.0
2020-04-20,23650.44,-592.0500000000029,0.0,-1.0
2020-04-21,23018.88,-631.5599999999977,0.0,0.0
2020-04-22,23475.82,456.9399999999987,1.0,1.0
2020-04-23,23515.26,39.43999999999869,1.0,0.0
2020-04-24,23775.27,260.01000000000204,1.0,0.0
2020-04-27,24133.78,358.5099999999984,1.0,0.0
2020-04-28,24101.55,-32.22999999999956,0.0,-1.0
2020-04-29,24633.86,532.3100000000013,1.0,1.0
2020-04-30,24345.72,-288.1399999999994,0.0,-1.0
2020-05-01,23723.69,-622.0300000000025,0.0,0.0
2020-05-04,23749.76,26.06999999999971,1.0,1.0
2020-05-05,23883.09,133.33000000000175,1.0,0.0
2020-05-06,23664.64,-218.45000000000073,0.0,-1.0
2020-05-07,23875.89,211.25,1.0,1.0
2020-05-08,24331.32,455.4300000000003,1.0,0.0
2020-05-11,24221.99,-109.32999999999811,0.0,-1.0
2020-05-12,23764.78,-457.21000000000276,0.0,0.0
2020-05-13,23247.97,-516.8099999999977,0.0,0.0
2020-05-14,23625.34,377.369999999999,1.0,1.0
2020-05-15,23685.42,60.07999999999811,1.0,0.0
2020-05-18,24597.37,911.9500000000007,1.0,0.0
2020-05-19,24206.86,-390.5099999999984,0.0,-1.0
2020-05-20,24575.9,369.0400000000009,1.0,1.0
2020-05-21,24474.12,-101.78000000000247,0.0,-1.0
2020-05-22,24465.16,-8.959999999999127,0.0,0.0
2020-05-26,24995.11,529.9500000000007,1.0,1.0
2020-05-27,25548.27,553.1599999999999,1.0,0.0
2020-05-28,25400.64,-147.63000000000102,0.0,-1.0
2020-05-29,25383.11,-17.529999999998836,0.0,0.0
2020-06-01,25475.02,91.90999999999985,1.0,1.0
2020-06-02,25742.65,267.630000000001,1.0,0.0
2020-06-03,26269.89,527.239999999998,1.0,0.0
2020-06-04,26281.82,11.930000000000291,1.0,0.0
2020-06-05,27110.98,829.1599999999999,1.0,0.0
2020-06-08,27572.44,461.4599999999991,1.0,0.0
2020-06-09,27272.3,-300.1399999999994,0.0,-1.0
2020-06-10,26989.99,-282.3099999999977,0.0,0.0
2020-06-11,25128.17,-1861.8200000000033,0.0,0.0
2020-06-12,25605.54,477.3700000000026,1.0,1.0
2020-06-15,25763.16,157.61999999999898,1.0,0.0
2020-06-16,26289.98,526.8199999999997,1.0,0.0
2020-06-17,26119.61,-170.36999999999898,0.0,-1.0
2020-06-18,26080.1,-39.51000000000204,0.0,0.0
2020-06-19,25871.46,-208.63999999999942,0.0,0.0
2020-06-22,26024.96,153.5,1.0,1.0
2020-06-23,26156.1,131.13999999999942,1.0,0.0
2020-06-24,25445.94,-710.1599999999999,0.0,-1.0
2020-06-25,25745.6,299.65999999999985,1.0,1.0
2020-06-26,25015.55,-730.0499999999993,0.0,-1.0
2020-06-29,25595.8,580.25,1.0,1.0
2020-06-30,25812.88,217.08000000000175,1.0,0.0
2020-07-01,25734.97,-77.90999999999985,0.0,-1.0
2020-07-02,25827.36,92.38999999999942,1.0,1.0
2020-07-06,26287.03,459.66999999999825,1.0,0.0
2020-07-07,25890.18,-396.84999999999854,0.0,-1.0
2020-07-08,26067.28,177.09999999999854,1.0,1.0
2020-07-09,25706.09,-361.1899999999987,0.0,-1.0
2020-07-10,26075.3,369.2099999999991,1.0,1.0
2020-07-13,26085.8,10.5,1.0,0.0
2020-07-14,26642.59,556.7900000000009,1.0,0.0
2020-07-15,26870.1,227.5099999999984,1.0,0.0
2020-07-16,26734.71,-135.38999999999942,0.0,-1.0
2020-07-17,26671.95,-62.7599999999984,0.0,0.0
2020-07-20,26680.87,8.919999999998254,1.0,1.0
2020-07-21,26840.4,159.53000000000247,1.0,0.0
2020-07-22,27005.84,165.4399999999987,1.0,0.0
2020-07-23,26652.33,-353.5099999999984,0.0,-1.0
2020-07-24,26469.89,-182.44000000000233,0.0,0.0
2020-07-27,26584.77,114.88000000000102,1.0,1.0
2020-07-28,26379.28,-205.4900000000016,0.0,-1.0
2020-07-29,26539.57,160.29000000000087,1.0,1.0
2020-07-30,26313.65,-225.91999999999825,0.0,-1.0
2020-07-31,26428.32,114.66999999999825,1.0,1.0
2020-08-03,26664.4,236.08000000000175,1.0,0.0
2020-08-04,26828.47,164.0699999999997,1.0,0.0
2020-08-05,27201.52,373.0499999999993,1.0,0.0
2020-08-06,27386.98,185.45999999999913,1.0,0.0
2020-08-07,27433.48,46.5,1.0,0.0
2020-08-10,27791.44,357.9599999999991,1.0,0.0
2020-08-11,27686.91,-104.52999999999884,0.0,-1.0
2020-08-12,27976.84,289.9300000000003,1.0,1.0
2020-08-13,27896.72,-80.11999999999898,0.0,-1.0
2020-08-14,27931.02,34.29999999999927,1.0,1.0
2020-08-17,27844.91,-86.11000000000058,0.0,-1.0
2020-08-18,27778.07,-66.84000000000015,0.0,0.0
2020-08-19,27692.88,-85.18999999999869,0.0,0.0
2020-08-20,27739.73,46.849999999998545,1.0,1.0
2020-08-21,27930.33,190.60000000000218,1.0,0.0
2020-08-24,28308.46,378.1299999999974,1.0,0.0
2020-08-25,28248.44,-60.02000000000044,0.0,-1.0
2020-08-26,28331.92,83.47999999999956,1.0,1.0
2020-08-27,28492.27,160.35000000000218,1.0,0.0
2020-08-28,28653.87,161.59999999999854,1.0,0.0
2020-08-31,28430.05,-223.8199999999997,0.0,-1.0
2020-09-01,28645.66,215.61000000000058,1.0,1.0
2020-09-02,29100.5,454.84000000000015,1.0,0.0
2020-09-03,28292.73,-807.7700000000004,0.0,-1.0
2020-09-04,28133.31,-159.41999999999825,0.0,0.0
2020-09-08,27500.89,-632.4200000000019,0.0,0.0
2020-09-09,27940.47,439.58000000000175,1.0,1.0
2020-09-10,27534.58,-405.8899999999994,0.0,-1.0
2020-09-11,27665.64,131.05999999999767,1.0,1.0
2020-09-14,27993.33,327.6900000000023,1.0,0.0
2020-09-15,27995.6,2.2699999999967986,1.0,0.0
2020-09-16,28032.38,36.780000000002474,1.0,0.0
2020-09-17,27901.98,-130.40000000000146,0.0,-1.0
2020-09-18,27657.42,-244.5600000000013,0.0,0.0
2020-09-21,27147.7,-509.7199999999975,0.0,0.0
2020-09-22,27288.18,140.47999999999956,1.0,1.0
2020-09-23,26763.13,-525.0499999999993,0.0,-1.0
2020-09-24,26815.44,52.30999999999767,1.0,1.0
2020-09-25,27173.96,358.52000000000044,1.0,0.0
2020-09-28,27584.06,410.1000000000022,1.0,0.0
2020-09-29,27452.66,-131.40000000000146,0.0,-1.0
2020-09-30,27781.7,329.0400000000009,1.0,1.0
2020-10-01,27816.9,35.20000000000073,1.0,0.0
2020-10-02,27682.81,-134.09000000000015,0.0,-1.0
2020-10-05,28148.64,465.8299999999981,1.0,1.0
2020-10-06,27772.76,-375.880000000001,0.0,-1.0
2020-10-07,28303.46,530.7000000000007,1.0,1.0
2020-10-08,28425.51,122.04999999999927,1.0,0.0
2020-10-09,28586.9,161.39000000000306,1.0,0.0
2020-10-12,28837.52,250.61999999999898,1.0,0.0
2020-10-13,28679.81,-157.70999999999913,0.0,-1.0
2020-10-14,28514.0,-165.8100000000013,0.0,0.0
2020-10-15,28494.2,-19.799999999999272,0.0,0.0
2020-10-16,28606.31,112.11000000000058,1.0,1.0
2020-10-19,28195.42,-410.89000000000306,0.0,-1.0
2020-10-20,28308.79,113.37000000000262,1.0,1.0
2020-10-21,28210.82,-97.97000000000116,0.0,-1.0
2020-10-22,28363.66,152.84000000000015,1.0,1.0
2020-10-23,28335.57,-28.090000000000146,0.0,-1.0
2020-10-26,27685.38,-650.1899999999987,0.0,0.0
2020-10-27,27463.19,-222.19000000000233,0.0,0.0
2020-10-28,26519.95,-943.239999999998,0.0,0.0
2020-10-29,26659.11,139.15999999999985,1.0,1.0
2020-10-30,26501.6,-157.51000000000204,0.0,-1.0
2020-11-02,26925.05,423.4500000000007,1.0,1.0
2020-11-03,27480.03,554.9799999999996,1.0,0.0
2020-11-04,27847.66,367.630000000001,1.0,0.0
2020-11-05,28390.18,542.5200000000004,1.0,0.0
2020-11-06,28323.4,-66.77999999999884,0.0,-1.0
2020-11-09,29157.97,834.5699999999997,1.0,1.0
2020-11-10,29420.92,262.9499999999971,1.0,0.0
2020-11-11,29397.63,-23.289999999997235,0.0,-1.0
2020-11-12,29080.17,-317.46000000000276,0.0,0.0
2020-11-13,29479.81,399.64000000000306,1.0,1.0
2020-11-16,29950.44,470.6299999999974,1.0,0.0
2020-11-17,29783.35,-167.09000000000015,0.0,-1.0
2020-11-18,29438.42,-344.9300000000003,0.0,0.0
2020-11-19,29483.23,44.81000000000131,1.0,1.0
2020-11-20,29263.48,-219.75,0.0,-1.0
2020-11-23,29591.27,327.7900000000009,1.0,1.0
2020-11-24,30046.24,454.97000000000116,1.0,0.0
2020-11-25,29872.47,-173.77000000000044,0.0,-1.0
2020-11-27,29910.37,37.89999999999782,1.0,1.0
2020-11-30,29638.64,-271.72999999999956,0.0,-1.0
2020-12-01,29823.92,185.27999999999884,1.0,1.0
2020-12-02,29883.79,59.87000000000262,1.0,0.0
2020-12-03,29969.52,85.72999999999956,1.0,0.0
2020-12-04,30218.26,248.73999999999796,1.0,0.0
2020-12-07,30069.79,-148.46999999999753,0.0,-1.0
2020-12-08,30173.88,104.09000000000015,1.0,1.0
2020-12-09,30068.81,-105.06999999999971,0.0,-1.0
2020-12-10,29999.26,-69.55000000000291,0.0,0.0
2020-12-11,30046.37,47.11000000000058,1.0,1.0
2020-12-14,29861.55,-184.8199999999997,0.0,-1.0
2020-12-15,30199.31,337.76000000000204,1.0,1.0
2020-12-16,30154.54,-44.77000000000044,0.0,-1.0
2020-12-17,30303.37,148.8299999999981,1.0,1.0
2020-12-18,30179.05,-124.31999999999971,0.0,-1.0
2020-12-21,30216.45,37.400000000001455,1.0,1.0
2020-12-22,30015.51,-200.94000000000233,0.0,-1.0
2020-12-23,30129.83,114.32000000000335,1.0,1.0
2020-12-24,30199.87,70.03999999999724,1.0,0.0
2020-12-28,30403.97,204.10000000000218,1.0,0.0
2020-12-29,30335.67,-68.30000000000291,0.0,-1.0
2020-12-30,30409.56,73.89000000000306,1.0,1.0
2020-12-31,30606.48,196.91999999999825,1.0,0.0
2021-01-04,30223.89,-382.59000000000015,0.0,-1.0
2021-01-05,30391.6,167.70999999999913,1.0,1.0
2021-01-06,30829.4,437.8000000000029,1.0,0.0
2021-01-07,31041.13,211.72999999999956,1.0,0.0
2021-01-08,31097.97,56.840000000000146,1.0,0.0
2021-01-11,31008.69,-89.28000000000247,0.0,-1.0
2021-01-12,31068.69,60.0,1.0,1.0
2021-01-13,31060.47,-8.219999999997526,0.0,-1.0
2021-01-14,30991.52,-68.95000000000073,0.0,0.0
2021-01-15,30814.26,-177.26000000000204,0.0,0.0
2021-01-19,30930.52,116.26000000000204,1.0,1.0
2021-01-20,31188.38,257.8600000000006,1.0,0.0
2021-01-21,31176.01,-12.37000000000262,0.0,-1.0
2021-01-22,30996.98,-179.02999999999884,0.0,0.0
2021-01-25,30960.0,-36.97999999999956,0.0,0.0
2021-01-26,30937.04,-22.959999999999127,0.0,0.0
2021-01-27,30303.17,-633.8700000000026,0.0,0.0
2021-01-28,30603.36,300.1900000000023,1.0,1.0
2021-01-29,29982.62,-620.7400000000016,0.0,-1.0
2021-02-01,30211.91,229.29000000000087,1.0,1.0
2021-02-02,30687.48,475.5699999999997,1.0,0.0
2021-02-03,30723.6,36.11999999999898,1.0,0.0
2021-02-04,31055.86,332.26000000000204,1.0,0.0
2021-02-05,31148.24,92.38000000000102,1.0,0.0
2021-02-08,31385.76,237.5199999999968,1.0,0.0
2021-02-09,31375.83,-9.929999999996653,0.0,-1.0
2021-02-10,31437.8,61.969999999997526,1.0,1.0
2021-02-11,31430.7,-7.099999999998545,0.0,-1.0
2021-02-12,31458.4,27.700000000000728,1.0,1.0
2021-02-16,31522.75,64.34999999999854,1.0,0.0
2021-02-17,31613.02,90.27000000000044,1.0,0.0
2021-02-18,31493.34,-119.68000000000029,0.0,-1.0
2021-02-19,31494.32,0.9799999999995634,1.0,1.0
2021-02-22,31521.69,27.36999999999898,1.0,0.0
2021-02-23,31537.35,15.659999999999854,1.0,0.0
2021-02-24,31961.86,424.51000000000204,1.0,0.0
2021-02-25,31402.01,-559.8500000000022,0.0,-1.0
2021-02-26,30932.37,-469.6399999999994,0.0,0.0
2021-03-01,31535.51,603.1399999999994,1.0,1.0
2021-03-02,31391.52,-143.98999999999796,0.0,-1.0
2021-03-03,31270.09,-121.43000000000029,0.0,0.0
2021-03-04,30924.14,-345.9500000000007,0.0,0.0
2021-03-05,31496.3,572.1599999999999,1.0,1.0
2021-03-08,31802.44,306.1399999999994,1.0,0.0
2021-03-09,31832.74,30.30000000000291,1.0,0.0
2021-03-10,32297.02,464.27999999999884,1.0,0.0
2021-03-11,32485.59,188.5699999999997,1.0,0.0
2021-03-12,32778.64,293.0499999999993,1.0,0.0
2021-03-15,32953.46,174.8199999999997,1.0,0.0
2021-03-16,32825.95,-127.51000000000204,0.0,-1.0
2021-03-17,33015.37,189.42000000000553,1.0,1.0
2021-03-18,32862.3,-153.0699999999997,0.0,-1.0
2021-03-19,32627.97,-234.33000000000175,0.0,0.0
2021-03-22,32731.2,103.22999999999956,1.0,1.0
2021-03-23,32423.15,-308.0499999999993,0.0,-1.0
2021-03-24,32420.06,-3.0900000000001455,0.0,0.0
2021-03-25,32619.48,199.41999999999825,1.0,1.0
2021-03-26,33072.88,453.3999999999978,1.0,0.0
2021-03-29,33171.37,98.49000000000524,1.0,0.0
2021-03-30,33066.96,-104.41000000000349,0.0,-1.0
2021-03-31,32981.55,-85.40999999999622,0.0,0.0
2021-04-01,33153.21,171.65999999999622,1.0,1.0
2021-04-05,33527.19,373.9800000000032,1.0,0.0
2021-04-06,33430.24,-96.95000000000437,0.0,-1.0
2021-04-07,33446.26,16.020000000004075,1.0,1.0
2021-04-08,33503.57,57.30999999999767,1.0,0.0
2021-04-09,33800.6,297.02999999999884,1.0,0.0
2021-04-12,33745.4,-55.19999999999709,0.0,-1.0
2021-04-13,33677.27,-68.13000000000466,0.0,0.0
2021-04-14,33730.89,53.62000000000262,1.0,1.0
2021-04-15,34035.99,305.09999999999854,1.0,0.0
2021-04-16,34200.67,164.6800000000003,1.0,0.0
2021-04-19,34077.63,-123.04000000000087,0.0,-1.0
2021-04-20,33821.3,-256.32999999999447,0.0,0.0
2021-04-21,34137.31,316.00999999999476,1.0,1.0
2021-04-22,33815.9,-321.4099999999962,0.0,-1.0
2021-04-23,34043.49,227.5899999999965,1.0,1.0
2021-04-26,33981.57,-61.919999999998254,0.0,-1.0
2021-04-27,33984.93,3.360000000000582,1.0,1.0
2021-04-28,33820.38,-164.5500000000029,0.0,-1.0
2021-04-29,34060.36,239.9800000000032,1.0,1.0
2021-04-30,33874.85,-185.51000000000204,0.0,-1.0
2021-05-03,34113.23,238.38000000000466,1.0,1.0
2021-05-04,34133.03,19.799999999995634,1.0,0.0
2021-05-05,34230.34,97.30999999999767,1.0,0.0
2021-05-06,34548.53,318.1900000000023,1.0,0.0
2021-05-07,34777.76,229.2300000000032,1.0,0.0
2021-05-10,34742.82,-34.94000000000233,0.0,-1.0
2021-05-11,34269.16,-473.6599999999962,0.0,0.0
2021-05-12,33587.66,-681.5,0.0,0.0
2021-05-13,34021.45,433.7899999999936,1.0,1.0
2021-05-14,34382.13,360.6800000000003,1.0,0.0
2021-05-17,34327.79,-54.33999999999651,0.0,-1.0
2021-05-18,34060.66,-267.1299999999974,0.0,0.0
2021-05-19,33896.04,-164.62000000000262,0.0,0.0
2021-05-20,34084.15,188.11000000000058,1.0,1.0
2021-05-21,34207.84,123.68999999999505,1.0,0.0
2021-05-24,34393.98,186.1400000000067,1.0,0.0
2021-05-25,34312.46,-81.52000000000407,0.0,-1.0
2021-05-26,34323.05,10.590000000003783,1.0,1.0
2021-05-27,34464.64,141.5899999999965,1.0,0.0
2021-05-28,34529.45,64.80999999999767,1.0,0.0
2021-06-01,34575.31,45.86000000000058,1.0,0.0
2021-06-02,34600.38,25.06999999999971,1.0,0.0
2021-06-03,34577.04,-23.339999999996508,0.0,-1.0
2021-06-04,34756.39,179.34999999999854,1.0,1.0
2021-06-07,34630.24,-126.15000000000146,0.0,-1.0
2021-06-08,34599.82,-30.419999999998254,0.0,0.0
2021-06-09,34447.14,-152.6800000000003,0.0,0.0
2021-06-10,34466.24,19.099999999998545,1.0,1.0
2021-06-11,34479.6,13.360000000000582,1.0,0.0
2021-06-14,34393.75,-85.84999999999854,0.0,-1.0
2021-06-15,34299.33,-94.41999999999825,0.0,0.0
2021-06-16,34033.67,-265.6600000000035,0.0,0.0
2021-06-17,33823.45,-210.22000000000116,0.0,0.0
2021-06-18,33290.08,-533.3699999999953,0.0,0.0
2021-06-21,33876.97,586.8899999999994,1.0,1.0
2021-06-22,33945.58,68.61000000000058,1.0,0.0
2021-06-23,33874.24,-71.34000000000378,0.0,-1.0
2021-06-24,34196.82,322.58000000000175,1.0,1.0
2021-06-25,34433.84,237.0199999999968,1.0,0.0
2021-06-28,34283.27,-150.5699999999997,0.0,-1.0
2021-06-29,34292.29,9.020000000004075,1.0,1.0
2021-06-30,34502.51,210.22000000000116,1.0,0.0
2021-07-01,34633.53,131.0199999999968,1.0,0.0
2021-07-02,34786.35,152.8199999999997,1.0,0.0
2021-07-06,34577.37,-208.97999999999593,0.0,-1.0
2021-07-07,34681.79,104.41999999999825,1.0,1.0
2021-07-08,34421.93,-259.8600000000006,0.0,-1.0
2021-07-09,34870.16,448.2300000000032,1.0,1.0
2021-07-12,34996.18,126.0199999999968,1.0,0.0
2021-07-13,34888.79,-107.38999999999942,0.0,-1.0
2021-07-14,34933.23,44.44000000000233,1.0,1.0
2021-07-15,34987.02,53.7899999999936,1.0,0.0
2021-07-16,34687.85,-299.16999999999825,0.0,-1.0
2021-07-19,33962.04,-725.8099999999977,0.0,0.0
2021-07-20,34511.99,549.9499999999971,1.0,1.0
2021-07-21,34798.0,286.01000000000204,1.0,0.0
2021-07-22,34823.35,25.349999999998545,1.0,0.0
2021-07-23,35061.55,238.20000000000437,1.0,0.0
2021-07-26,35144.31,82.75999999999476,1.0,0.0
2021-07-27,35058.52,-85.79000000000087,0.0,-1.0
2021-07-28,34930.93,-127.58999999999651,0.0,0.0
2021-07-29,35084.53,153.59999999999854,1.0,1.0
2021-07-30,34935.47,-149.05999999999767,0.0,-1.0
2021-08-02,34838.16,-97.30999999999767,0.0,0.0
2021-08-03,35116.4,278.23999999999796,1.0,1.0
2021-08-04,34792.67,-323.7300000000032,0.0,-1.0
2021-08-05,35064.25,271.58000000000175,1.0,1.0
2021-08-06,35208.51,144.26000000000204,1.0,0.0
2021-08-09,35101.85,-106.66000000000349,0.0,-1.0
2021-08-10,35264.67,162.8199999999997,1.0,1.0
2021-08-11,35484.97,220.3000000000029,1.0,0.0
2021-08-12,35499.85,14.87999999999738,1.0,0.0
2021-08-13,35515.38,15.529999999998836,1.0,0.0
2021-08-16,35625.4,110.02000000000407,1.0,0.0
2021-08-17,35343.28,-282.1200000000026,0.0,-1.0
2021-08-18,34960.69,-382.5899999999965,0.0,0.0
2021-08-19,34894.12,-66.56999999999971,0.0,0.0
2021-08-20,35120.08,225.95999999999913,1.0,1.0
2021-08-23,35335.71,215.62999999999738,1.0,0.0
2021-08-24,35366.26,30.55000000000291,1.0,0.0
2021-08-25,35405.5,39.23999999999796,1.0,0.0
2021-08-26,35213.12,-192.37999999999738,0.0,-1.0
2021-08-27,35455.8,242.6800000000003,1.0,1.0
2021-08-30,35399.84,-55.9600000000064,0.0,-1.0
2021-08-31,35360.73,-39.109999999993306,0.0,0.0
2021-09-01,35312.53,-48.200000000004366,0.0,0.0
2021-09-02,35443.82,131.29000000000087,1.0,1.0
2021-09-03,35369.09,-74.7300000000032,0.0,-1.0
2021-09-07,35100.0,-269.0899999999965,0.0,0.0
2021-09-08,35031.07,-68.93000000000029,0.0,0.0
2021-09-09,34879.38,-151.69000000000233,0.0,0.0
2021-09-10,34607.72,-271.6599999999962,0.0,0.0
2021-09-13,34869.63,261.9099999999962,1.0,1.0
2021-09-14,34577.57,-292.0599999999977,0.0,-1.0
2021-09-15,34814.39,236.8199999999997,1.0,1.0
2021-09-16,34751.32,-63.06999999999971,0.0,-1.0
2021-09-17,34584.88,-166.44000000000233,0.0,0.0
2021-09-20,33970.47,-614.4099999999962,0.0,0.0
2021-09-21,33919.84,-50.63000000000466,0.0,0.0
2021-09-22,34258.32,338.4800000000032,1.0,1.0
2021-09-23,34764.82,506.5,1.0,0.0
2021-09-24,34798.0,33.18000000000029,1.0,0.0
2021-09-27,34869.37,71.37000000000262,1.0,0.0
2021-09-28,34299.99,-569.3800000000047,0.0,-1.0
2021-09-29,34390.72,90.7300000000032,1.0,1.0
2021-09-30,33843.92,-546.8000000000029,0.0,-1.0
2021-10-01,34326.46,482.5400000000009,1.0,1.0
2021-10-04,34002.92,-323.5400000000009,0.0,-1.0
2021-10-05,34314.67,311.75,1.0,1.0
2021-10-06,34416.99,102.31999999999971,1.0,0.0
2021-10-07,34754.94,337.95000000000437,1.0,0.0
2021-10-08,34746.25,-8.690000000002328,0.0,-1.0
2021-10-11,34496.06,-250.19000000000233,0.0,0.0
2021-10-12,34378.34,-117.72000000000116,0.0,0.0
2021-10-13,34377.81,-0.5299999999988358,0.0,0.0
2021-10-14,34912.56,534.75,1.0,1.0
2021-10-15,35294.76,382.20000000000437,1.0,0.0
2021-10-18,35258.61,-36.150000000001455,0.0,-1.0
2021-10-19,35457.31,198.6999999999971,1.0,1.0
2021-10-20,35609.34,152.02999999999884,1.0,0.0
2021-10-21,35603.08,-6.259999999994761,0.0,-1.0
2021-10-22,35677.02,73.93999999999505,1.0,1.0
2021-10-25,35741.15,64.13000000000466,1.0,0.0
2021-10-26,35756.88,15.729999999995925,1.0,0.0
2021-10-27,35490.69,-266.18999999999505,0.0,-1.0
2021-10-28,35730.48,239.79000000000087,1.0,1.0
2021-10-29,35819.56,89.07999999999447,1.0,0.0
2021-11-01,35913.84,94.27999999999884,1.0,0.0
2021-11-02,36052.63,138.79000000000087,1.0,0.0
2021-11-03,36157.58,104.95000000000437,1.0,0.0
2021-11-04,36124.23,-33.349999999998545,0.0,-1.0
2021-11-05,36327.95,203.7199999999939,1.0,1.0
2021-11-08,36432.22,104.27000000000407,1.0,0.0
2021-11-09,36319.98,-112.23999999999796,0.0,-1.0
2021-11-10,36079.94,-240.04000000000087,0.0,0.0
2021-11-11,35921.23,-158.70999999999913,0.0,0.0
2021-11-12,36100.31,179.07999999999447,1.0,1.0
2021-11-15,36087.45,-12.860000000000582,0.0,-1.0
2021-11-16,36142.22,54.770000000004075,1.0,1.0
2021-11-17,35931.05,-211.16999999999825,0.0,-1.0
2021-11-18,35870.95,-60.10000000000582,0.0,0.0
2021-11-19,35601.98,-268.9699999999939,0.0,0.0
2021-11-22,35619.25,17.2699999999968,1.0,1.0
2021-11-23,35813.8,194.5500000000029,1.0,0.0
2021-11-24,35804.38,-9.42000000000553,0.0,-1.0
2021-11-26,34899.34,-905.0400000000009,0.0,0.0
2021-11-29,35135.94,236.60000000000582,1.0,1.0
2021-11-30,34483.72,-652.2200000000012,0.0,-1.0
2021-12-01,34022.04,-461.6800000000003,0.0,0.0
2021-12-02,34639.79,617.75,1.0,1.0
2021-12-03,34580.08,-59.70999999999913,0.0,-1.0
2021-12-06,35227.03,646.9499999999971,1.0,1.0
2021-12-07,35719.43,492.40000000000146,1.0,0.0
2021-12-08,35754.75,35.31999999999971,1.0,0.0
2021-12-09,35754.69,-0.059999999997671694,0.0,-1.0
2021-12-10,35970.99,216.29999999999563,1.0,1.0
2021-12-13,35650.95,-320.0400000000009,0.0,-1.0
2021-12-14,35544.18,-106.7699999999968,0.0,0.0
2021-12-15,35927.43,383.25,1.0,1.0
2021-12-16,35897.64,-29.790000000000873,0.0,-1.0
2021-12-17,35365.44,-532.1999999999971,0.0,0.0
2021-12-20,34932.16,-433.27999999999884,0.0,0.0
2021-12-21,35492.7,560.5399999999936,1.0,1.0
2021-12-22,35753.89,261.1900000000023,1.0,0.0
2021-12-23,35950.56,196.66999999999825,1.0,0.0
2021-12-27,36302.38,351.8199999999997,1.0,0.0
2021-12-28,36398.21,95.83000000000175,1.0,0.0
2021-12-29,36488.63,90.41999999999825,1.0,0.0
2021-12-30,36398.08,-90.54999999999563,0.0,-1.0
2021-12-31,36338.3,-59.779999999998836,0.0,0.0
2022-01-03,36585.06,246.75999999999476,1.0,1.0
2022-01-04,36799.65,214.59000000000378,1.0,0.0
2022-01-05,36407.11,-392.5400000000009,0.0,-1.0
2022-01-06,36236.47,-170.63999999999942,0.0,0.0
2022-01-07,36231.66,-4.809999999997672,0.0,0.0
2022-01-10,36068.87,-162.79000000000087,0.0,0.0
2022-01-11,36252.02,183.14999999999418,1.0,1.0
2022-01-12,36290.32,38.30000000000291,1.0,0.0
2022-01-13,36113.62,-176.6999999999971,0.0,-1.0
2022-01-14,35911.81,-201.81000000000495,0.0,0.0
2022-01-18,35368.47,-543.3399999999965,0.0,0.0
2022-01-19,35028.65,-339.8199999999997,0.0,0.0
2022-01-20,34715.39,-313.26000000000204,0.0,0.0
2022-01-21,34265.37,-450.0199999999968,0.0,0.0
2022-01-24,34364.5,99.12999999999738,1.0,1.0
2022-01-25,34297.73,-66.7699999999968,0.0,-1.0
2022-01-26,34168.09,-129.6400000000067,0.0,0.0
2022-01-27,34160.78,-7.309999999997672,0.0,0.0
2022-01-28,34725.47,564.6900000000023,1.0,1.0
2022-01-31,35131.86,406.3899999999994,1.0,0.0
2022-02-01,35405.24,273.3799999999974,1.0,0.0
2022-02-02,35629.33,224.09000000000378,1.0,0.0
2022-02-03,35111.16,-518.1699999999983,0.0,-1.0
2022-02-04,35089.74,-21.42000000000553,0.0,0.0
2022-02-07,35091.13,1.389999999999418,1.0,1.0
2022-02-08,35462.78,371.65000000000146,1.0,0.0
2022-02-09,35768.06,305.27999999999884,1.0,0.0
2022-02-10,35241.59,-526.4700000000012,0.0,-1.0
2022-02-11,34738.06,-503.52999999999884,0.0,0.0
2022-02-14,34566.17,-171.88999999999942,0.0,0.0
2022-02-15,34988.84,422.66999999999825,1.0,1.0
2022-02-16,34934.27,-54.56999999999971,0.0,-1.0
2022-02-17,34312.03,-622.239999999998,0.0,0.0
2022-02-18,34079.18,-232.84999999999854,0.0,0.0
2022-02-22,33596.61,-482.5699999999997,0.0,0.0
2022-02-23,33131.76,-464.84999999999854,0.0,0.0
2022-02-24,33223.83,92.06999999999971,1.0,1.0
2022-02-25,34058.75,834.9199999999983,1.0,0.0
2022-02-28,33892.6,-166.15000000000146,0.0,-1.0
2022-03-01,33294.95,-597.6500000000015,0.0,0.0
2022-03-02,33891.35,596.4000000000015,1.0,1.0
2022-03-03,33794.66,-96.68999999999505,0.0,-1.0
2022-03-04,33614.8,-179.86000000000058,0.0,0.0
2022-03-07,32817.38,-797.4200000000055,0.0,0.0
2022-03-08,32632.64,-184.73999999999796,0.0,0.0
2022-03-09,33286.25,653.6100000000006,1.0,1.0
2022-03-10,33174.07,-112.18000000000029,0.0,-1.0
2022-03-11,32944.19,-229.87999999999738,0.0,0.0
2022-03-14,32945.24,1.0499999999956344,1.0,1.0
2022-03-15,33544.34,599.0999999999985,1.0,0.0
2022-03-16,34063.1,518.760000000002,1.0,0.0
2022-03-17,34480.76,417.6600000000035,1.0,0.0
2022-03-18,34754.93,274.16999999999825,1.0,0.0
2022-03-21,34552.99,-201.94000000000233,0.0,-1.0
2022-03-22,34807.46,254.47000000000116,1.0,1.0
2022-03-23,34358.5,-448.9599999999991,0.0,-1.0
2022-03-24,34707.94,349.4400000000023,1.0,1.0
2022-03-25,34861.24,153.29999999999563,1.0,0.0
2022-03-28,34955.89,94.65000000000146,1.0,0.0
2022-03-29,35294.19,338.3000000000029,1.0,0.0
2022-03-30,35228.81,-65.38000000000466,0.0,-1.0
2022-03-31,34678.35,-550.4599999999991,0.0,0.0
2022-04-01,34818.27,139.91999999999825,1.0,1.0
2022-04-04,34921.88,103.61000000000058,1.0,0.0
2022-04-05,34641.18,-280.6999999999971,0.0,-1.0
2022-04-06,34496.51,-144.66999999999825,0.0,0.0
2022-04-07,34583.57,87.05999999999767,1.0,1.0
2022-04-08,34721.12,137.5500000000029,1.0,0.0
2022-04-11,34308.08,-413.0400000000009,0.0,-1.0
2022-04-12,34220.36,-87.72000000000116,0.0,0.0
2022-04-13,34564.59,344.2299999999959,1.0,1.0
2022-04-14,34451.23,-113.3599999999933,0.0,-1.0
2022-04-18,34411.69,-39.54000000000087,0.0,0.0
2022-04-19,34911.2,499.50999999999476,1.0,1.0
2022-04-20,35160.79,249.59000000000378,1.0,0.0
2022-04-21,34792.76,-368.02999999999884,0.0,-1.0
2022-04-22,33811.4,-981.3600000000006,0.0,0.0
2022-04-25,34049.46,238.05999999999767,1.0,1.0
2022-04-26,33240.18,-809.2799999999988,0.0,-1.0
2022-04-27,33301.93,61.75,1.0,1.0
2022-04-28,33916.39,614.4599999999991,1.0,0.0
2022-04-29,32977.21,-939.1800000000003,0.0,-1.0
2022-05-02,33061.5,84.29000000000087,1.0,1.0
2022-05-03,33128.79,67.29000000000087,1.0,0.0
2022-05-04,34061.06,932.2699999999968,1.0,0.0
2022-05-05,32997.97,-1063.0899999999965,0.0,-1.0
2022-05-06,32899.37,-98.59999999999854,0.0,0.0
2022-05-09,32245.7,-653.6700000000019,0.0,0.0
2022-05-10,32160.74,-84.95999999999913,0.0,0.0
2022-05-11,31834.11,-326.630000000001,0.0,0.0
2022-05-12,31730.3,-103.81000000000131,0.0,0.0
2022-05-13,32196.66,466.3600000000006,1.0,1.0
2022-05-16,32223.42,26.7599999999984,1.0,0.0
2022-05-17,32654.59,431.1700000000019,1.0,0.0
2022-05-18,31490.07,-1164.5200000000004,0.0,-1.0
2022-05-19,31253.13,-236.9399999999987,0.0,0.0
2022-05-20,31261.9,8.770000000000437,1.0,1.0
2022-05-23,31880.24,618.3400000000001,1.0,0.0
2022-05-24,31928.62,48.37999999999738,1.0,0.0
2022-05-25,32120.28,191.65999999999985,1.0,0.0
2022-05-26,32637.19,516.9099999999999,1.0,0.0
2022-05-27,33212.96,575.7700000000004,1.0,0.0
2022-05-31,32990.12,-222.8399999999965,0.0,-1.0
2022-06-01,32813.23,-176.88999999999942,0.0,0.0
2022-06-02,33248.28,435.04999999999563,1.0,1.0
2022-06-03,32899.7,-348.58000000000175,0.0,-1.0
2022-06-06,32915.78,16.080000000001746,1.0,1.0
2022-06-07,33180.14,264.3600000000006,1.0,0.0
2022-06-08,32910.9,-269.23999999999796,0.0,-1.0
2022-06-09,32272.79,-638.1100000000006,0.0,0.0
2022-06-10,31392.79,-880.0,0.0,0.0
2022-06-13,30516.74,-876.0499999999993,0.0,0.0
2022-06-14,30364.83,-151.90999999999985,0.0,0.0
2022-06-15,30668.53,303.6999999999971,1.0,1.0
2022-06-16,29927.07,-741.4599999999991,0.0,-1.0
2022-06-17,29888.78,-38.29000000000087,0.0,0.0
2022-06-21,30530.25,641.4700000000012,1.0,1.0
2022-06-22,30483.13,-47.11999999999898,0.0,-1.0
2022-06-23,30677.36,194.22999999999956,1.0,1.0
2022-06-24,31500.68,823.3199999999997,1.0,0.0
2022-06-27,31438.26,-62.42000000000189,0.0,-1.0
2022-06-28,30946.99,-491.2699999999968,0.0,0.0
2022-06-29,31029.31,82.31999999999971,1.0,1.0
2022-06-30,30775.43,-253.88000000000102,0.0,-1.0
2022-07-01,31097.26,321.8299999999981,1.0,1.0
2022-07-05,30967.82,-129.4399999999987,0.0,-1.0
2022-07-06,31037.68,69.86000000000058,1.0,1.0
2022-07-07,31384.55,346.869999999999,1.0,0.0
2022-07-08,31338.15,-46.39999999999782,0.0,-1.0
2022-07-11,31173.84,-164.3100000000013,0.0,0.0
2022-07-12,30981.33,-192.5099999999984,0.0,0.0
2022-07-13,30772.79,-208.54000000000087,0.0,0.0
2022-07-14,30630.17,-142.62000000000262,0.0,0.0
2022-07-15,31288.26,658.0900000000001,1.0,1.0
2022-07-18,31072.61,-215.64999999999782,0.0,-1.0
2022-07-19,31827.05,754.4399999999987,1.0,1.0
2022-07-20,31874.84,47.79000000000087,1.0,0.0
2022-07-21,32036.9,162.0600000000013,1.0,0.0
2022-07-22,31899.29,-137.61000000000058,0.0,-1.0
2022-07-25,31990.04,90.75,1.0,1.0
2022-07-26,31761.54,-228.5,0.0,-1.0
2022-07-27,32197.59,436.0499999999993,1.0,1.0
2022-07-28,32529.63,332.0400000000009,1.0,0.0
2022-07-29,32845.13,315.49999999999636,1.0,0.0
2022-08-01,32798.4,-46.729999999995925,0.0,-1.0
2022-08-02,32396.17,-402.2300000000032,0.0,0.0
2022-08-03,32812.5,416.33000000000175,1.0,1.0
2022-08-04,32726.82,-85.68000000000029,0.0,-1.0
2022-08-05,32803.47,76.65000000000146,1.0,1.0
2022-08-08,32832.54,29.06999999999971,1.0,0.0
2022-08-09,32774.41,-58.12999999999738,0.0,-1.0
2022-08-10,33309.51,535.0999999999985,1.0,1.0
2022-08-11,33336.67,27.159999999996217,1.0,0.0
2022-08-12,33761.05,424.38000000000466,1.0,0.0
2022-08-15,33912.44,151.38999999999942,1.0,0.0
2022-08-16,34152.01,239.5699999999997,1.0,0.0
2022-08-17,33980.32,-171.69000000000233,0.0,-1.0
2022-08-18,33999.04,18.720000000001164,1.0,1.0
2022-08-19,33706.74,-292.3000000000029,0.0,-1.0
2022-08-22,33063.61,-643.1299999999974,0.0,0.0
2022-08-23,32909.59,-154.02000000000407,0.0,0.0
2022-08-24,32969.23,59.640000000006694,1.0,1.0
2022-08-25,33291.78,322.54999999999563,1.0,0.0
2022-08-26,32283.4,-1008.3799999999974,0.0,-1.0
2022-08-29,32098.99,-184.40999999999985,0.0,0.0
2022-08-30,31790.87,-308.1200000000026,0.0,0.0
2022-08-31,31510.43,-280.4399999999987,0.0,0.0
2022-09-01,31656.42,145.98999999999796,1.0,1.0
2022-09-02,31318.44,-337.97999999999956,0.0,-1.0
2022-09-06,31145.3,-173.13999999999942,0.0,0.0
2022-09-07,31581.28,435.97999999999956,1.0,1.0
2022-09-08,31774.52,193.2400000000016,1.0,0.0
2022-09-09,32151.71,377.1899999999987,1.0,0.0
2022-09-12,32381.34,229.63000000000102,1.0,0.0
2022-09-13,31104.97,-1276.369999999999,0.0,-1.0
2022-09-14,31135.09,30.11999999999898,1.0,1.0
2022-09-15,30961.82,-173.27000000000044,0.0,-1.0
2022-09-16,30822.42,-139.40000000000146,0.0,0.0
2022-09-19,31019.68,197.26000000000204,1.0,1.0
2022-09-20,30706.23,-313.4500000000007,0.0,-1.0
2022-09-21,30183.78,-522.4500000000007,0.0,0.0
2022-09-22,30076.68,-107.09999999999854,0.0,0.0
2022-09-23,29590.41,-486.27000000000044,0.0,0.0
2022-09-26,29260.81,-329.59999999999854,0.0,0.0
2022-09-27,29134.99,-125.81999999999971,0.0,0.0
2022-09-28,29683.74,548.75,1.0,1.0
2022-09-29,29225.61,-458.130000000001,0.0,-1.0
2022-09-30,28725.51,-500.1000000000022,0.0,0.0
2022-10-03,29490.89,765.380000000001,1.0,1.0
2022-10-04,30316.32,825.4300000000003,1.0,0.0
2022-10-05,30273.87,-42.45000000000073,0.0,-1.0
2022-10-06,29926.94,-346.9300000000003,0.0,0.0
2022-10-07,29296.79,-630.1499999999978,0.0,0.0
2022-10-10,29202.88,-93.90999999999985,0.0,0.0
2022-10-11,29239.19,36.30999999999767,1.0,1.0
2022-10-12,29210.85,-28.340000000000146,0.0,-1.0
2022-10-13,30038.72,827.8700000000026,1.0,1.0
2022-10-14,29634.83,-403.8899999999994,0.0,-1.0
2022-10-17,30185.82,550.989999999998,1.0,1.0
2022-10-18,30523.8,337.97999999999956,1.0,0.0
2022-10-19,30423.81,-99.98999999999796,0.0,-1.0
2022-10-20,30333.59,-90.22000000000116,0.0,0.0
2022-10-21,31082.56,748.9700000000012,1.0,1.0
2022-10-24,31499.62,417.0599999999977,1.0,0.0
2022-10-25,31836.74,337.1200000000026,1.0,0.0
2022-10-26,31839.11,2.3699999999989814,1.0,0.0
2022-10-27,32033.28,194.16999999999825,1.0,0.0
2022-10-28,32861.8,828.5200000000041,1.0,0.0
2022-10-31,32732.95,-128.85000000000218,0.0,-1.0
2022-11-01,32653.2,-79.75,0.0,0.0
2022-11-02,32147.76,-505.4400000000023,0.0,0.0
2022-11-03,32001.25,-146.5099999999984,0.0,0.0
2022-11-04,32403.22,401.97000000000116,1.0,1.0
2022-11-07,32827.0,423.77999999999884,1.0,0.0
2022-11-08,33160.83,333.83000000000175,1.0,0.0
2022-11-09,32513.94,-646.890000000003,0.0,-1.0
2022-11-10,33715.37,1201.430000000004,1.0,1.0
2022-11-11,33747.86,32.48999999999796,1.0,0.0
2022-11-14,33536.7,-211.1600000000035,0.0,-1.0
2022-11-15,33592.92,56.220000000001164,1.0,1.0
2022-11-16,33553.83,-39.08999999999651,0.0,-1.0
2022-11-17,33546.32,-7.510000000002037,0.0,0.0
2022-11-18,33745.69,199.37000000000262,1.0,1.0
2022-11-21,33700.28,-45.41000000000349,0.0,-1.0
2022-11-22,34098.1,397.8199999999997,1.0,1.0
2022-11-23,34194.06,95.95999999999913,1.0,0.0
2022-11-25,34347.03,152.97000000000116,1.0,0.0
2022-11-28,33849.46,-497.5699999999997,0.0,-1.0
2022-11-29,33852.53,3.069999999999709,1.0,1.0
2022-11-30,34589.77,737.239999999998,1.0,0.0
2022-12-01,34395.01,-194.75999999999476,0.0,-1.0
2022-12-02,34429.88,34.86999999999534,1.0,1.0
2022-12-05,33947.1,-482.77999999999884,0.0,-1.0
2022-12-06,33596.34,-350.76000000000204,0.0,0.0
2022-12-07,33597.92,1.5800000000017462,1.0,1.0
2022-12-08,33781.48,183.56000000000495,1.0,0.0
2022-12-09,33476.46,-305.0200000000041,0.0,-1.0
2022-12-12,34005.04,528.5800000000017,1.0,1.0
2022-12-13,34108.64,103.59999999999854,1.0,0.0
2022-12-14,33966.35,-142.29000000000087,0.0,-1.0
2022-12-15,33202.22,-764.1299999999974,0.0,0.0
2022-12-16,32920.46,-281.76000000000204,0.0,0.0
2022-12-19,32757.54,-162.91999999999825,0.0,0.0
2022-12-20,32849.74,92.19999999999709,1.0,1.0
2022-12-21,33376.48,526.7400000000052,1.0,0.0
2022-12-22,33027.49,-348.99000000000524,0.0,-1.0
2022-12-23,33203.93,176.44000000000233,1.0,1.0
2022-12-27,33241.56,37.62999999999738,1.0,0.0
2022-12-28,32875.71,-365.84999999999854,0.0,-1.0
2022-12-29,33220.8,345.0900000000038,1.0,1.0
2022-12-30,33147.25,-73.55000000000291,0.0,-1.0
2023-01-03,33136.37,-10.87999999999738,0.0,0.0
2023-01-04,33269.77,133.39999999999418,1.0,1.0
2023-01-05,32930.08,-339.68999999999505,0.0,-1.0
2023-01-06,33630.61,700.5299999999988,1.0,1.0
2023-01-09,33517.65,-112.95999999999913,0.0,-1.0
2023-01-10,33704.1,186.4499999999971,1.0,1.0
2023-01-11,33973.01,268.9100000000035,1.0,0.0
2023-01-12,34189.97,216.95999999999913,1.0,0.0
2023-01-13,34302.61,112.63999999999942,1.0,0.0
2023-01-17,33910.85,-391.76000000000204,0.0,-1.0
2023-01-18,33296.96,-613.8899999999994,0.0,0.0
2023-01-19,33044.56,-252.40000000000146,0.0,0.0
2023-01-20,33375.49,330.9300000000003,1.0,1.0
2023-01-23,33629.56,254.0699999999997,1.0,0.0
2023-01-24,33733.96,104.40000000000146,1.0,0.0
2023-01-25,33743.84,9.87999999999738,1.0,0.0
2023-01-26,33949.41,205.57000000000698,1.0,0.0
2023-01-27,33978.08,28.669999999998254,1.0,0.0
2023-01-30,33717.09,-260.99000000000524,0.0,-1.0
2023-01-31,34086.04,368.95000000000437,1.0,1.0
2023-02-01,34092.96,6.919999999998254,1.0,0.0
2023-02-02,34053.94,-39.0199999999968,0.0,-1.0
2023-02-03,33926.01,-127.93000000000029,0.0,0.0
2023-02-06,33891.02,-34.99000000000524,0.0,0.0
2023-02-07,34156.69,265.67000000000553,1.0,1.0
2023-02-08,33949.01,-207.6800000000003,0.0,-1.0
2023-02-09,33699.88,-249.13000000000466,0.0,0.0
2023-02-10,33869.27,169.38999999999942,1.0,1.0
2023-02-13,34245.93,376.6600000000035,1.0,0.0
2023-02-14,34089.27,-156.6600000000035,0.0,-1.0
2023-02-15,34128.05,38.78000000000611,1.0,1.0
2023-02-16,33696.85,-431.20000000000437,0.0,-1.0
2023-02-17,33826.69,129.84000000000378,1.0,1.0
2023-02-21,33129.59,-697.1000000000058,0.0,-1.0
2023-02-22,33045.09,-84.5,0.0,0.0
2023-02-23,33153.91,108.82000000000698,1.0,1.0
2023-02-24,32816.92,-336.99000000000524,0.0,-1.0
2023-02-27,32889.09,72.16999999999825,1.0,1.0
2023-02-28,32656.7,-232.38999999999578,0.0,-1.0
2023-03-01,32661.84,5.139999999999418,1.0,1.0
2023-03-02,33003.57,341.72999999999956,1.0,0.0
2023-03-03,33390.97,387.40000000000146,1.0,0.0
2023-03-06,33431.44,40.470000000001164,1.0,0.0
2023-03-07,32856.46,-574.9800000000032,0.0,-1.0
2023-03-08,32798.4,-58.05999999999767,0.0,0.0
2023-03-09,32254.86,-543.5400000000009,0.0,0.0
2023-03-10,31909.64,-345.22000000000116,0.0,0.0
2023-03-13,31819.14,-90.5,0.0,0.0
2023-03-14,32155.4,336.26000000000204,1.0,1.0
2023-03-15,31874.57,-280.83000000000175,0.0,-1.0
2023-03-16,32246.55,371.97999999999956,1.0,1.0
2023-03-17,31861.98,-384.5699999999997,0.0,-1.0
2023-03-20,32244.58,382.6000000000022,1.0,1.0
2023-03-21,32560.6,316.0199999999968,1.0,0.0
2023-03-22,32030.11,-530.489999999998,0.0,-1.0
2023-03-23,32105.25,75.13999999999942,1.0,1.0
2023-03-24,32237.53,132.27999999999884,1.0,0.0
2023-03-27,32432.08,194.5500000000029,1.0,0.0
2023-03-28,32394.25,-37.830000000001746,0.0,-1.0
2023-03-29,32717.6,323.34999999999854,1.0,1.0
2023-03-30,32859.03,141.4300000000003,1.0,0.0
2023-03-31,33274.15,415.1200000000026,1.0,0.0
2023-04-03,33601.15,327.0,1.0,0.0
2023-04-04,33402.38,-198.77000000000407,0.0,-1.0
2023-04-05,33482.72,80.34000000000378,1.0,1.0
2023-04-06,33485.29,2.569999999999709,1.0,0.0
2023-04-10,33586.52,101.22999999999593,1.0,0.0
2023-04-11,33684.79,98.27000000000407,1.0,0.0
2023-04-12,33646.5,-38.29000000000087,0.0,-1.0
2023-04-13,34029.69,383.1900000000023,1.0,1.0
2023-04-14,33886.47,-143.22000000000116,0.0,-1.0
2023-04-17,33987.18,100.70999999999913,1.0,1.0
2023-04-18,33976.63,-10.55000000000291,0.0,-1.0
2023-04-19,33897.01,-79.61999999999534,0.0,0.0
2023-04-20,33786.62,-110.38999999999942,0.0,0.0
2023-04-21,33808.96,22.339999999996508,1.0,1.0
2023-04-24,33875.4,66.44000000000233,1.0,0.0
2023-04-25,33530.83,-344.5699999999997,0.0,-1.0
2023-04-26,33301.87,-228.95999999999913,0.0,0.0
2023-04-27,33826.16,524.2900000000009,1.0,1.0
2023-04-28,34098.16,272.0,1.0,0.0
2023-05-01,34051.7,-46.4600000000064,0.0,-1.0
2023-05-02,33684.53,-367.16999999999825,0.0,0.0
2023-05-03,33414.24,-270.2900000000009,0.0,0.0
2023-05-04,33127.74,-286.5,0.0,0.0
2023-05-05,33674.38,546.6399999999994,1.0,1.0
2023-05-08,33618.69,-55.68999999999505,0.0,-1.0
2023-05-09,33561.81,-56.88000000000466,0.0,0.0
2023-05-10,33531.33,-30.479999999995925,0.0,0.0
2023-05-11,33309.51,-221.8199999999997,0.0,0.0
2023-05-12,33300.62,-8.889999999999418,0.0,0.0
2023-05-15,33348.6,47.979999999995925,1.0,1.0
2023-05-16,33012.14,-336.4599999999991,0.0,-1.0
2023-05-17,33420.77,408.6299999999974,1.0,1.0
2023-05-18,33535.91,115.1400000000067,1.0,0.0
2023-05-19,33426.63,-109.28000000000611,0.0,-1.0
2023-05-22,33286.58,-140.04999999999563,0.0,0.0
2023-05-23,33055.51,-231.0699999999997,0.0,0.0
2023-05-24,32799.92,-255.59000000000378,0.0,0.0
2023-05-25,32764.65,-35.2699999999968,0.0,0.0
2023-05-26,33093.34,328.68999999999505,1.0,1.0
2023-05-30,33042.78,-50.55999999999767,0.0,-1.0
2023-05-31,32908.27,-134.51000000000204,0.0,0.0
2023-06-01,33061.57,153.3000000000029,1.0,1.0
2023-06-02,33762.76,701.1900000000023,1.0,0.0
2023-06-05,33562.86,-199.90000000000146,0.0,-1.0
2023-06-06,33573.28,10.419999999998254,1.0,1.0
2023-06-07,33665.02,91.73999999999796,1.0,0.0
2023-06-08,33833.61,168.59000000000378,1.0,0.0
2023-06-09,33876.78,43.169999999998254,1.0,0.0
2023-06-12,34066.33,189.5500000000029,1.0,0.0
2023-06-13,34212.12,145.79000000000087,1.0,0.0
2023-06-14,33979.33,-232.79000000000087,0.0,-1.0
2023-06-15,34408.06,428.7299999999959,1.0,1.0
2023-06-16,34299.12,-108.93999999999505,0.0,-1.0
2023-06-20,34053.87,-245.25,0.0,0.0
2023-06-21,33951.52,-102.35000000000582,0.0,0.0
2023-06-22,33946.71,-4.809999999997672,0.0,0.0
2023-06-23,33727.43,-219.27999999999884,0.0,0.0
2023-06-26,33714.71,-12.720000000001164,0.0,0.0
2023-06-27,33926.74,212.02999999999884,1.0,1.0
2023-06-28,33852.66,-74.07999999999447,0.0,-1.0
2023-06-29,34122.42,269.75999999999476,1.0,1.0
2023-06-30,34407.6,285.1800000000003,1.0,0.0
2023-07-03,34418.47,10.87000000000262,1.0,0.0
2023-07-05,34288.64,-129.83000000000175,0.0,-1.0
2023-07-06,33922.26,-366.3799999999974,0.0,0.0
2023-07-07,33734.88,-187.38000000000466,0.0,0.0
2023-07-10,33944.4,209.52000000000407,1.0,1.0
2023-07-11,34261.42,317.0199999999968,1.0,0.0
2023-07-12,34347.43,86.01000000000204,1.0,0.0
2023-07-13,34395.14,47.70999999999913,1.0,0.0
2023-07-14,34509.03,113.88999999999942,1.0,0.0
2023-07-17,34585.35,76.31999999999971,1.0,0.0
2023-07-18,34951.93,366.58000000000175,1.0,0.0
2023-07-19,35061.21,109.27999999999884,1.0,0.0
2023-07-20,35225.18,163.97000000000116,1.0,0.0
2023-07-21,35227.69,2.5100000000020373,1.0,0.0
2023-07-24,35411.24,183.54999999999563,1.0,0.0
2023-07-25,35438.07,26.830000000001746,1.0,0.0
2023-07-26,35520.12,82.05000000000291,1.0,0.0
2023-07-27,35282.72,-237.40000000000146,0.0,-1.0
2023-07-28,35459.29,176.5699999999997,1.0,1.0
2023-07-31,35559.53,100.23999999999796,1.0,0.0
2023-08-01,35630.68,71.15000000000146,1.0,0.0
2023-08-02,35282.52,-348.1600000000035,0.0,-1.0
2023-08-03,35215.89,-66.62999999999738,0.0,0.0
2023-08-04,35065.62,-150.2699999999968,0.0,0.0
2023-08-07,35473.13,407.50999999999476,1.0,1.0
2023-08-08,35314.49,-158.63999999999942,0.0,-1.0
2023-08-09,35123.36,-191.12999999999738,0.0,0.0
2023-08-10,35176.15,52.79000000000087,1.0,1.0
2023-08-11,35281.4,105.25,1.0,0.0
2023-08-14,35307.63,26.229999999995925,1.0,0.0
2023-08-15,34946.39,-361.23999999999796,0.0,-1.0
2023-08-16,34765.74,-180.65000000000146,0.0,0.0
2023-08-17,34474.83,-290.9099999999962,0.0,0.0
2023-08-18,34500.66,25.830000000001746,1.0,1.0
2023-08-21,34463.69,-36.970000000001164,0.0,-1.0
2023-08-22,34288.83,-174.86000000000058,0.0,0.0
2023-08-23,34472.98,184.15000000000146,1.0,1.0
2023-08-24,34099.42,-373.56000000000495,0.0,-1.0
2023-08-25,34346.9,247.4800000000032,1.0,1.0
2023-08-28,34559.98,213.08000000000175,1.0,0.0
2023-08-29,34852.67,292.68999999999505,1.0,0.0
2023-08-30,34890.24,37.56999999999971,1.0,0.0
2023-08-31,34721.91,-168.32999999999447,0.0,-1.0
2023-09-01,34837.71,115.79999999999563,1.0,1.0
2023-09-05,34641.97,-195.73999999999796,0.0,-1.0
2023-09-06,34443.19,-198.77999999999884,0.0,0.0
2023-09-07,34500.73,57.54000000000087,1.0,1.0
2023-09-08,34576.59,75.8599999999933,1.0,0.0
2023-09-11,34663.72,87.13000000000466,1.0,0.0
2023-09-12,34645.99,-17.7300000000032,0.0,-1.0
2023-09-13,34575.53,-70.45999999999913,0.0,0.0
2023-09-14,34907.11,331.58000000000175,1.0,1.0
2023-09-15,34618.24,-288.8700000000026,0.0,-1.0
2023-09-18,34624.3,6.060000000004948,1.0,1.0
2023-09-19,34517.73,-106.56999999999971,0.0,-1.0
2023-09-20,34440.88,-76.85000000000582,0.0,0.0
2023-09-21,34070.42,-370.4599999999991,0.0,0.0
2023-09-22,33963.84,-106.58000000000175,0.0,0.0
2023-09-25,34006.88,43.04000000000087,1.0,1.0
2023-09-26,33618.88,-388.0,0.0,-1.0
2023-09-27,33550.27,-68.61000000000058,0.0,0.0
2023-09-28,33666.34,116.06999999999971,1.0,1.0
2023-09-29,33507.5,-158.8399999999965,0.0,-1.0
2023-10-02,33433.35,-74.15000000000146,0.0,0.0
2023-10-03,33002.38,-430.97000000000116,0.0,0.0
2023-10-04,33129.55,127.17000000000553,1.0,1.0
2023-10-05,33119.57,-9.980000000003201,0.0,-1.0
2023-10-06,33407.58,288.01000000000204,1.0,1.0
2023-10-09,33604.65,197.0699999999997,1.0,0.0
2023-10-10,33739.3,134.65000000000146,1.0,0.0
2023-10-11,33804.87,65.56999999999971,1.0,0.0
2023-10-12,33631.14,-173.7300000000032,0.0,-1.0
2023-10-13,33670.29,39.150000000001455,1.0,1.0
2023-10-16,33984.54,314.25,1.0,0.0
2023-10-17,33997.65,13.110000000000582,1.0,0.0
2023-10-18,33665.08,-332.5699999999997,0.0,-1.0
2023-10-19,33414.17,-250.9100000000035,0.0,0.0
2023-10-20,33127.28,-286.8899999999994,0.0,0.0
2023-10-23,32936.41,-190.86999999999534,0.0,0.0
2023-10-24,33141.38,204.9699999999939,1.0,1.0
2023-10-25,33035.93,-105.44999999999709,0.0,-1.0
2023-10-26,32784.3,-251.62999999999738,0.0,0.0
2023-10-27,32417.59,-366.71000000000276,0.0,0.0
2023-10-30,32928.96,511.369999999999,1.0,1.0
2023-10-31,33052.87,123.91000000000349,1.0,0.0
2023-11-01,33274.58,221.70999999999913,1.0,0.0
2023-11-02,33839.08,564.5,1.0,0.0
2023-11-03,34061.32,222.23999999999796,1.0,0.0
2023-11-06,34095.86,34.54000000000087,1.0,0.0
2023-11-07,34152.6,56.73999999999796,1.0,0.0
2023-11-08,34112.27,-40.330000000001746,0.0,-1.0
2023-11-09,33891.94,-220.32999999999447,0.0,0.0
2023-11-10,34283.1,391.1599999999962,1.0,1.0
2023-11-13,34337.87,54.770000000004075,1.0,0.0
2023-11-14,34827.7,489.82999999999447,1.0,0.0
2023-11-15,34991.21,163.51000000000204,1.0,0.0
2023-11-16,34945.47,-45.73999999999796,0.0,-1.0
2023-11-17,34947.28,1.8099999999976717,1.0,1.0
2023-11-20,35151.04,203.76000000000204,1.0,0.0
2023-11-21,35088.29,-62.75,0.0,-1.0
2023-11-22,35273.03,184.73999999999796,1.0,1.0
2023-11-24,35390.15,117.12000000000262,1.0,0.0
2023-11-27,35333.47,-56.68000000000029,0.0,-1.0
2023-11-28,35416.98,83.51000000000204,1.0,1.0
2023-11-29,35430.42,13.439999999995052,1.0,0.0
2023-11-30,35950.89,520.4700000000012,1.0,0.0
2023-12-01,36245.5,294.6100000000006,1.0,0.0
2023-12-04,36204.44,-41.05999999999767,0.0,-1.0
2023-12-05,36124.56,-79.88000000000466,0.0,0.0
2023-12-06,36054.43,-70.12999999999738,0.0,0.0
2023-12-07,36117.38,62.94999999999709,1.0,1.0
2023-12-08,36247.87,130.49000000000524,1.0,0.0
2023-12-11,36404.93,157.05999999999767,1.0,0.0
2023-12-12,36577.94,173.01000000000204,1.0,0.0
2023-12-13,37090.24,512.2999999999956,1.0,0.0
2023-12-14,37248.35,158.11000000000058,1.0,0.0
2023-12-15,37305.16,56.81000000000495,1.0,0.0
2023-12-18,37306.02,0.8599999999933061,1.0,0.0
2023-12-19,37557.92,251.90000000000146,1.0,0.0
2023-12-20,37082.0,-475.91999999999825,0.0,-1.0
2023-12-21,37404.35,322.34999999999854,1.0,1.0
2023-12-22,37385.97,-18.37999999999738,0.0,-1.0
2023-12-26,37545.33,159.36000000000058,1.0,1.0
2023-12-27,37656.52,111.18999999999505,1.0,0.0
2023-12-28,37710.1,53.580000000001746,1.0,0.0
2023-12-29,37689.54,-20.55999999999767,0.0,-1.0
2024-01-02,37715.04,25.5,1.0,1.0
2024-01-03,37430.19,-284.84999999999854,0.0,-1.0
2024-01-04,37440.34,10.14999999999418,1.0,1.0
2024-01-05,37466.11,25.770000000004075,1.0,0.0
2024-01-08,37683.01,216.90000000000146,1.0,0.0
2024-01-09,37525.16,-157.84999999999854,0.0,-1.0
2024-01-10,37695.73,170.5699999999997,1.0,1.0
2024-01-11,37711.02,15.289999999993597,1.0,0.0
2024-01-12,37592.98,-118.0399999999936,0.0,-1.0
2024-01-16,37361.12,-231.86000000000058,0.0,0.0
2024-01-17,37266.67,-94.45000000000437,0.0,0.0
2024-01-18,37468.61,201.94000000000233,1.0,1.0
2024-01-19,37863.8,395.1900000000023,1.0,0.0
2024-01-22,38001.81,138.00999999999476,1.0,0.0
2024-01-23,37905.45,-96.36000000000058,0.0,-1.0
2024-01-24,37806.39,-99.05999999999767,0.0,0.0
2024-01-25,38049.13,242.73999999999796,1.0,1.0
2024-01-26,38109.43,60.30000000000291,1.0,0.0
2024-01-29,38333.45,224.0199999999968,1.0,0.0
2024-01-30,38467.31,133.86000000000058,1.0,0.0
2024-01-31,38150.3,-317.00999999999476,0.0,-1.0
2024-02-01,38519.84,369.5399999999936,1.0,1.0
2024-02-02,38654.42,134.58000000000175,1.0,0.0
2024-02-05,38380.12,-274.29999999999563,0.0,-1.0
2024-02-06,38521.36,141.23999999999796,1.0,1.0
2024-02-07,38677.36,156.0,1.0,0.0
2024-02-08,38726.33,48.970000000001164,1.0,0.0
2024-02-09,38671.69,-54.63999999999942,0.0,-1.0
2024-02-12,38797.38,125.68999999999505,1.0,1.0
2024-02-13,38272.75,-524.6299999999974,0.0,-1.0
2024-02-14,38424.27,151.5199999999968,1.0,1.0
2024-02-15,38773.12,348.8500000000058,1.0,0.0
2024-02-16,38627.99,-145.13000000000466,0.0,-1.0
2024-02-20,38563.8,-64.18999999999505,0.0,0.0
2024-02-21,38612.24,48.43999999999505,1.0,1.0
2024-02-22,39069.11,456.8700000000026,1.0,0.0
2024-02-23,39131.53,62.419999999998254,1.0,0.0
2024-02-26,39069.23,-62.299999999995634,0.0,-1.0
2024-02-27,38972.41,-96.81999999999971,0.0,0.0
2024-02-28,38949.02,-23.390000000006694,0.0,0.0
2024-02-29,38996.39,47.37000000000262,1.0,1.0
2024-03-01,39087.38,90.98999999999796,1.0,0.0
2024-03-04,38989.83,-97.54999999999563,0.0,-1.0
2024-03-05,38585.19,-404.6399999999994,0.0,0.0
2024-03-06,38661.05,75.86000000000058,1.0,1.0
2024-03-07,38791.35,130.29999999999563,1.0,0.0
2024-03-08,38722.69,-68.65999999999622,0.0,-1.0
2024-03-11,38769.66,46.970000000001164,1.0,1.0
2024-03-12,39005.49,235.82999999999447,1.0,0.0
2024-03-13,39043.32,37.830000000001746,1.0,0.0
2024-03-14,38905.66,-137.65999999999622,0.0,-1.0
2024-03-15,38714.77,-190.8900000000067,0.0,0.0
2024-03-18,38790.43,75.66000000000349,1.0,1.0
2024-03-19,39110.76,320.33000000000175,1.0,0.0
2024-03-20,39512.13,401.36999999999534,1.0,0.0
2024-03-21,39781.37,269.24000000000524,1.0,0.0
2024-03-22,39475.9,-305.47000000000116,0.0,-1.0
2024-03-25,39313.64,-162.26000000000204,0.0,0.0
2024-03-26,39282.33,-31.30999999999767,0.0,0.0
2024-03-27,39760.08,477.75,1.0,1.0
2024-03-28,39807.37,47.29000000000087,1.0,0.0
2024-04-01,39566.85,-240.52000000000407,0.0,-1.0
2024-04-02,39170.24,-396.6100000000006,0.0,0.0
2024-04-03,39127.14,-43.099999999998545,0.0,0.0
2024-04-04,38596.98,-530.1599999999962,0.0,0.0
2024-04-05,38904.04,307.0599999999977,1.0,1.0
2024-04-08,38892.8,-11.239999999997963,0.0,-1.0
2024-04-09,38883.67,-9.130000000004657,0.0,0.0
2024-04-10,38461.51,-422.1599999999962,0.0,0.0
2024-04-11,38459.08,-2.430000000000291,0.0,0.0
2024-04-12,37983.24,-475.8400000000038,0.0,0.0
2024-04-15,37735.11,-248.12999999999738,0.0,0.0
2024-04-16,37798.97,63.86000000000058,1.0,1.0
2024-04-17,37753.31,-45.66000000000349,0.0,-1.0
2024-04-18,37775.38,22.06999999999971,1.0,1.0
2024-04-19,37986.4,211.02000000000407,1.0,0.0
2024-04-22,38239.98,253.58000000000175,1.0,0.0
2024-04-23,38503.69,263.7099999999991,1.0,0.0
2024-04-24,38460.92,-42.770000000004075,0.0,-1.0
2024-04-25,38085.8,-375.11999999999534,0.0,0.0
2024-04-26,38239.66,153.86000000000058,1.0,1.0
