Date,Open,High,Low,Close,Volume
2019-05-01,26639.06,26689.39,26426.38,26430.14,303824427.0
2019-05-02,26407.15,26454.69,26180.36,26307.79,287700790.0
2019-05-03,26379.14,26534.96,26370.09,26504.95,248938257.0
2019-05-06,26160.62,26476.27,26033.95,26438.48,283101899.0
2019-05-07,26276.9,26276.9,25789.71,25965.09,334991424.0
2019-05-08,25933.79,26118.1,25889.41,25967.33,276364035.0
2019-05-09,25878.85,25884.89,25517.39,25828.36,334708294.0
2019-05-10,25763.72,26019.32,25469.86,25942.37,294584116.0
2019-05-13,25568.06,25568.06,25222.51,25324.99,361279460.0
2019-05-14,25384.03,25688.96,25384.03,25532.05,291491529.0
2019-05-15,25400.13,25724.89,25341.94,25648.02,270691489.0
2019-05-16,25692.14,25957.63,25692.14,25862.68,320983871.0
2019-05-17,25719.95,25948.74,25657.78,25764.0,283835610.0
2019-05-20,25655.31,25751.71,25560.55,25679.9,279547099.0
2019-05-21,25782.34,25898.27,25779.61,25877.33,260784838.0
2019-05-22,25818.46,25878.21,25755.11,25776.61,241789564.0
2019-05-23,25657.99,25657.99,25328.09,25490.47,316963725.0
2019-05-24,25551.07,25670.81,25496.2,25585.69,201285856.0
2019-05-28,25616.55,25717.63,25342.28,25347.77,358880381.0
2019-05-29,25231.46,25231.46,24938.24,25126.41,298921056.0
2019-05-30,25139.94,25218.54,25066.75,25169.88,215295529.0
2019-05-31,25046.31,25046.31,24809.51,24815.04,292215814.0
2019-06-03,24830.16,24935.21,24680.57,24819.78,328174315.0
2019-06-04,24962.82,25343.77,24962.82,25332.18,281765509.0
2019-06-05,25451.0,25544.66,25373.58,25539.57,262679598.0
2019-06-06,25567.45,25800.3,25518.05,25720.66,248104564.0
2019-06-07,25768.72,26072.75,25768.72,25983.94,263008829.0
2019-06-10,26090.22,26210.61,26054.31,26062.68,249327353.0
2019-06-11,26180.59,26248.67,25998.87,26048.51,253559800.0
2019-06-12,26040.3,26082.1,25958.66,26004.83,223657251.0
2019-06-13,26036.94,26146.91,25995.71,26106.77,213360239.0
2019-06-14,26076.36,26162.28,25988.09,26089.61,207951926.0
2019-06-17,26108.53,26165.78,26049.8,26112.53,199457524.0
2019-06-18,26228.88,26527.19,26227.76,26465.54,273548401.0
2019-06-19,26490.16,26569.75,26415.05,26504.0,240869715.0
2019-06-20,26665.38,26798.63,26539.69,26753.17,278153101.0
2019-06-21,26749.12,26907.37,26705.87,26719.13,485509319.0
2019-06-24,26727.61,26806.52,26723.37,26727.54,232445636.0
2019-06-25,26731.61,26752.31,26527.66,26548.22,282144061.0
2019-06-26,26599.42,26660.04,26536.33,26536.82,274318013.0
2019-06-27,26523.72,26607.24,26465.32,26526.58,246983596.0
2019-06-28,26605.93,26638.35,26522.27,26599.96,499383499.0
2019-07-01,26805.86,26890.64,26616.21,26717.43,267660563.0
2019-07-02,26719.53,26787.56,26632.65,26786.68,219174600.0
2019-07-03,26832.32,26966.0,26831.44,26966.0,149781157.0
2019-07-05,26867.75,26950.81,26733.33,26922.12,192253088.0
2019-07-08,26835.64,26839.14,26744.87,26806.14,214267193.0
2019-07-09,26725.12,26807.7,26665.57,26783.49,218259432.0
2019-07-10,26851.96,26983.45,26813.11,26860.2,208028600.0
2019-07-11,26950.16,27088.45,26916.32,27088.08,252260700.0
2019-07-12,27139.49,27333.79,27135.45,27332.03,248386078.0
2019-07-15,27364.69,27364.69,27294.17,27359.16,199770700.0
2019-07-16,27349.32,27398.68,27290.24,27335.63,225981325.0
2019-07-17,27320.91,27343.06,27218.38,27219.85,193854408.0
2019-07-18,27191.98,27266.81,27068.79,27222.97,216056391.0
2019-07-19,27246.38,27342.96,27145.78,27154.2,287784684.0
2019-07-22,27174.18,27227.77,27088.9,27171.9,216284393.0
2019-07-23,27231.86,27368.81,27204.58,27349.19,248873218.0
2019-07-24,27262.24,27291.04,27191.12,27269.97,244270915.0
2019-07-25,27247.39,27298.43,27062.48,27140.98,241480231.0
2019-07-26,27166.0,27213.7,27123.25,27192.45,233644438.0
2019-07-29,27192.24,27275.85,27178.06,27221.35,250890937.0
2019-07-30,27145.39,27224.36,27069.86,27198.02,293234078.0
2019-07-31,27244.67,27281.65,26719.6,26864.27,385238760.0
2019-08-01,26879.86,27175.59,26548.71,26583.42,386261964.0
2019-08-02,26528.66,26570.02,26249.22,26485.01,327541678.0
2019-08-05,26259.23,26259.23,25523.38,25717.74,422253841.0
2019-08-06,25810.62,26038.68,25710.87,26029.52,318235018.0
2019-08-07,25814.22,26073.21,25440.39,26007.07,344840350.0
2019-08-08,26086.52,26383.61,26038.1,26378.19,282460881.0
2019-08-09,26337.09,26413.36,26097.64,26287.44,240304474.0
2019-08-12,26169.91,26178.95,25824.94,25907.37,199474564.0
2019-08-13,25888.88,26426.97,25833.25,26279.91,308948262.0
2019-08-14,26035.08,26035.08,25471.59,25479.42,352326622.0
2019-08-15,25514.25,25639.69,25339.6,25579.39,332563185.0
2019-08-16,25678.17,25929.65,25678.17,25886.01,276266281.0
2019-08-19,26020.06,26222.32,26020.06,26135.79,252641794.0
2019-08-20,26086.86,26160.12,25952.0,25962.44,238158470.0
2019-08-21,26145.36,26268.32,26141.77,26202.73,208721898.0
2019-08-22,26271.64,26388.78,26099.01,26252.24,222808098.0
2019-08-23,26134.21,26320.29,25507.18,25628.9,364273198.0
2019-08-26,25826.05,25941.25,25716.39,25898.83,222861263.0
2019-08-27,26014.46,26054.02,25721.85,25777.9,263513971.0
2019-08-28,25712.99,26041.57,25637.43,26036.1,206984297.0
2019-08-29,26249.09,26408.84,26185.71,26362.25,208664000.0
2019-08-30,26476.39,26514.62,26295.59,26403.28,2191756236.0
2019-09-03,26198.26,26198.26,25978.22,26118.02,223192830.0
2019-09-04,26301.99,26362.35,26244.44,26355.47,202628302.0
2019-09-05,26603.15,26836.3,26603.15,26728.15,256688716.0
2019-09-06,26790.25,26860.87,26708.39,26797.46,209731278.0
2019-09-09,26866.23,26900.83,26762.18,26835.51,273065958.0
2019-09-10,26805.83,26909.43,26717.05,26909.43,322404652.0
2019-09-11,26928.05,27137.04,26885.48,27137.04,272683339.0
2019-09-12,27197.32,27306.73,27105.01,27182.45,249922811.0
2019-09-13,27216.67,27277.55,27193.95,27219.52,255350517.0
2019-09-16,27146.06,27172.87,27032.56,27076.82,220554637.0
2019-09-17,27010.12,27110.8,26984.14,27110.8,223631675.0
2019-09-18,27075.39,27161.93,26899.15,27147.08,212876976.0
2019-09-19,27186.05,27272.17,27064.21,27094.79,212350805.0
2019-09-20,27102.18,27194.75,26926.68,26935.07,497553100.0
2019-09-23,26851.45,27011.07,26831.34,26949.99,204150555.0
2019-09-24,27034.07,27079.68,26704.96,26807.77,301706956.0
2019-09-25,26866.71,27016.56,26755.86,26970.71,237142712.0
2019-09-26,27004.11,27015.07,26803.84,26891.12,229266580.0
2019-09-27,26987.26,27012.54,26715.82,26820.25,217821552.0
2019-09-30,26852.33,26998.86,26852.33,26916.83,222653707.0
2019-10-01,26962.54,27046.21,26562.22,26573.04,260177869.0
2019-10-02,26425.86,26438.04,25974.12,26078.62,309561303.0
2019-10-03,26039.02,26205.2,25743.46,26201.04,241622470.0
2019-10-04,26271.7,26590.74,26271.7,26573.72,221224945.0
2019-10-07,26502.33,26655.84,26424.54,26478.02,195226502.0
2019-10-08,26276.59,26421.81,26139.8,26164.04,244684807.0
2019-10-09,26308.23,26424.31,26249.75,26346.01,190129116.0
2019-10-10,26317.35,26603.31,26314.51,26496.67,217603871.0
2019-10-11,26694.2,27013.97,26694.2,26816.59,282006815.0
2019-10-14,26766.43,26874.33,26749.18,26787.36,178712818.0
2019-10-15,26811.2,27120.11,26811.2,27024.8,245575461.0
2019-10-16,26972.31,27058.34,26943.29,27001.98,214567251.0
2019-10-17,27032.38,27112.16,26970.29,27025.88,222568350.0
2019-10-18,27004.49,27018.25,26770.13,26770.2,289023729.0
2019-10-21,26852.67,26852.67,26747.62,26827.64,241074531.0
2019-10-22,26850.43,26946.64,26782.61,26788.1,265607111.0
2019-10-23,26835.24,26896.89,26745.0,26833.95,247767997.0
2019-10-24,26893.93,26931.78,26714.34,26805.53,253591263.0
2019-10-25,26789.61,27015.37,26765.68,26958.06,274645917.0
2019-10-28,27040.33,27167.88,27028.71,27090.72,290702673.0
2019-10-29,27061.07,27165.94,27039.76,27071.42,269580965.0
2019-10-30,27110.71,27204.36,26999.64,27186.69,231670065.0
2019-10-31,27188.37,27188.37,26918.29,27046.23,273928950.0
2019-11-01,27142.95,27347.43,27142.95,27347.36,270952017.0
2019-11-04,27402.06,27517.58,27402.06,27462.11,273080657.0
2019-11-05,27500.23,27560.36,27453.55,27492.63,286371012.0
2019-11-06,27502.74,27526.05,27407.81,27492.56,237810174.0
2019-11-07,27590.16,27774.67,27590.16,27674.8,259006361.0
2019-11-08,27686.2,27694.95,27578.97,27681.24,221462072.0
2019-11-11,27580.66,27714.39,27517.67,27691.49,202340530.0
2019-11-12,27701.59,27770.86,27635.32,27691.49,213749888.0
2019-11-13,27622.04,27806.4,27587.2,27783.59,278463843.0
2019-11-14,27757.2,27800.71,27676.97,27781.96,303979759.0
2019-11-15,27843.54,28004.89,27843.54,28004.89,283783602.0
2019-11-18,27993.22,28040.97,27969.24,28036.22,252307271.0
2019-11-19,28079.76,28090.21,27894.52,27934.02,245804742.0
2019-11-20,27879.55,27897.28,27675.28,27821.09,258101454.0
2019-11-21,27820.28,27828.33,27708.34,27766.29,232064517.0
2019-11-22,27831.23,27898.46,27773.98,27875.62,214745525.0
2019-11-25,27917.77,28068.69,27917.77,28066.47,248489989.0
2019-11-26,28080.75,28146.02,28042.21,28121.68,323992495.0
2019-11-27,28156.47,28174.97,28075.23,28164.0,198116004.0
2019-11-29,28103.16,28119.51,28042.53,28051.41,120710001.0
2019-12-02,28109.74,28109.84,27782.35,27783.04,231284471.0
2019-12-03,27501.98,27524.74,27325.13,27502.81,275427668.0
2019-12-04,27634.63,27727.45,27612.08,27649.78,218230662.0
2019-12-05,27736.05,27745.2,27562.8,27677.79,208674653.0
2019-12-06,27839.68,28035.85,27839.68,28015.06,223332609.0
2019-12-09,27987.05,28010.42,27906.14,27909.6,216998849.0
2019-12-10,27900.65,27949.02,27804.0,27881.72,213348488.0
2019-12-11,27867.31,27925.5,27801.8,27911.3,213578974.0
2019-12-12,27898.34,28224.95,27859.87,28132.05,277738347.0
2019-12-13,28123.64,28290.73,28028.32,28135.38,250599084.0
2019-12-16,28191.67,28337.49,28191.67,28235.89,286714729.0
2019-12-17,28221.75,28328.63,28220.56,28267.16,286714291.0
2019-12-18,28291.44,28323.25,28239.28,28239.28,289852360.0
2019-12-19,28278.31,28381.48,28278.24,28376.96,262583418.0
2019-12-20,28608.64,28608.64,28445.6,28455.09,603781964.0
2019-12-23,28491.78,28582.49,28491.78,28551.53,223499234.0
2019-12-24,28572.57,28576.8,28503.21,28515.45,86151979.0
2019-12-26,28539.46,28624.1,28535.15,28621.39,156025977.0
2019-12-27,28675.34,28701.66,28608.98,28645.26,182181663.0
2019-12-30,28654.76,28664.69,28428.98,28462.14,181507192.0
2019-12-31,28414.64,28547.35,28376.49,28538.44,193336533.0
2020-01-02,28638.97,28872.8,28627.77,28868.8,251796100.0
2020-01-03,28553.33,28716.31,28500.36,28634.88,239529102.0
2020-01-06,28465.5,28708.02,28418.63,28703.38,252686601.0
2020-01-07,28639.18,28685.5,28565.28,28583.68,258856933.0
2020-01-08,28556.14,28866.18,28522.51,28745.09,291692353.0
2020-01-09,28851.97,28988.01,28844.31,28956.9,274960593.0
2020-01-10,28977.52,29009.07,28789.1,28823.77,237736459.0
2020-01-13,28869.01,28909.91,28819.43,28907.05,249833434.0
2020-01-14,28895.5,29054.16,28872.27,28939.67,287502962.0
2020-01-15,28901.8,29127.59,28897.35,29030.22,260298524.0
2020-01-16,29131.95,29300.32,29131.95,29297.64,252158196.0
2020-01-17,29313.31,29373.62,29289.91,29348.1,321808212.0
2020-01-21,29269.05,29341.21,29146.47,29196.04,320733068.0
2020-01-22,29263.63,29320.2,29172.26,29186.27,283495610.0
2020-01-23,29111.02,29190.47,28966.98,29160.09,306976463.0
2020-01-24,29230.39,29288.79,28843.31,28989.73,380108165.0
2020-01-27,28542.49,28671.79,28440.47,28535.8,337268108.0
2020-01-28,28594.28,28823.23,28575.75,28722.85,330196450.0
2020-01-29,28820.53,28944.24,28728.19,28734.45,302297287.0
2020-01-30,28640.16,28879.71,28489.76,28859.44,326826374.0
2020-01-31,28813.04,28813.04,28169.53,28256.03,403825779.0
2020-02-03,28319.65,28630.39,28319.65,28399.81,307860266.0
2020-02-04,28696.74,28904.88,28696.74,28807.63,332745274.0
2020-02-05,29048.73,29308.89,29000.85,29290.85,357525540.0
2020-02-06,29388.58,29408.05,29246.93,29379.77,263704165.0
2020-02-07,29286.92,29286.92,29056.98,29102.51,252812523.0
2020-02-10,28995.66,29278.07,28995.66,29276.82,250417998.0
2020-02-11,29390.71,29415.39,29210.47,29276.34,279472199.0
2020-02-12,29406.75,29568.57,29406.75,29551.42,309542059.0
2020-02-13,29436.03,29535.4,29345.93,29423.31,291055138.0
2020-02-14,29440.47,29463.04,29283.18,29398.08,231023686.0
2020-02-18,29282.78,29330.16,29116.81,29232.19,256621388.0
2020-02-19,29312.7,29409.09,29274.38,29348.03,240675052.0
2020-02-20,29296.25,29368.45,28959.65,29219.98,287717037.0
2020-02-21,29146.53,29146.53,28892.7,28992.41,311296706.0
2020-02-24,28402.93,28402.93,27912.44,27960.8,452664589.0
2020-02-25,28037.65,28149.2,26997.62,27081.36,513245812.0
2020-02-26,27159.46,27542.78,26890.97,26957.59,472474460.0
2020-02-27,26526.0,26775.31,25752.82,25766.64,664890605.0
2020-02-28,25270.83,25494.24,24681.01,25409.36,916011541.0
2020-03-02,25590.51,26706.17,25391.96,26703.32,637213582.0
2020-03-03,26762.47,27084.59,25706.28,25917.41,646988723.0
2020-03-04,26383.68,27102.34,26286.31,27090.86,457542318.0
2020-03-05,26671.92,26671.92,25943.33,26121.28,477459223.0
2020-03-06,25457.21,25994.38,25226.62,25864.78,599828987.0
2020-03-09,24992.36,24992.36,23706.07,23851.02,750460392.0
2020-03-10,24453.0,25020.99,23690.34,25018.16,654913034.0
2020-03-11,24604.63,24604.63,23328.32,23553.22,664044631.0
2020-03-12,22184.71,22837.95,21154.46,21200.62,908281591.0
2020-03-13,21973.82,23189.76,21285.37,23185.62,843151012.0
2020-03-16,20917.53,21768.28,20116.46,20188.52,770180278.0
2020-03-17,20487.05,21379.35,19882.26,21237.38,793049826.0
2020-03-18,20188.69,20489.33,18917.46,19898.92,871315969.0
2020-03-19,19830.01,20442.63,19177.13,20087.19,780215850.0
2020-03-20,20253.15,20531.26,19094.27,19173.98,872328864.0
2020-03-23,19028.36,19121.01,18213.65,18591.93,787874758.0
2020-03-24,19722.19,20737.7,19649.25,20704.91,799367419.0
2020-03-25,21050.34,22019.93,20538.34,21200.55,796298288.0
2020-03-26,21468.38,22595.06,21427.1,22552.17,705092241.0
2020-03-27,21898.47,22327.57,21469.27,21636.78,588923134.0
2020-03-30,21678.22,22378.09,21522.08,22327.48,545628057.0
2020-03-31,22208.42,22480.37,21852.08,21917.16,571254093.0
2020-04-01,21227.38,21487.24,20784.43,20943.51,506690536.0
2020-04-02,20819.46,21477.77,20735.02,21413.44,529586735.0
2020-04-03,21285.93,21447.81,20863.09,21052.53,449956849.0
2020-04-06,21693.63,22783.45,21693.63,22679.99,610831032.0
2020-04-07,23537.44,23617.24,22634.45,22653.86,594562046.0
2020-04-08,22893.47,23513.4,22682.99,23433.57,472761686.0
2020-04-09,23690.66,24008.99,23504.09,23719.37,566430400.0
2020-04-13,23698.93,23698.93,23095.35,23390.77,394343688.0
2020-04-14,23690.57,24040.58,23683.44,23949.76,485885542.0
2020-04-15,23600.72,23649.72,23233.32,23504.35,437619045.0
2020-04-16,23543.66,23598.08,23211.38,23537.68,471140724.0
2020-04-17,23817.15,24264.21,23817.15,24242.49,525915569.0
2020-04-20,24095.1,24108.69,23627.19,23650.44,423361181.0
2020-04-21,23365.25,23365.25,22941.88,23018.88,485093154.0
2020-04-22,23437.34,23613.1,23339.6,23475.82,352924662.0
2020-04-23,23543.09,23885.36,23483.35,23515.26,389287672.0
2020-04-24,23628.24,23826.0,23417.68,23775.27,376060369.0
2020-04-27,23866.15,24207.65,23840.61,24133.78,389305259.0
2020-04-28,24357.17,24512.24,24031.2,24101.55,400171233.0
2020-04-29,24490.37,24764.77,24453.99,24633.86,455224575.0
2020-04-30,24585.57,24585.57,24186.9,24345.72,478353905.0
2020-05-01,24120.78,24120.78,23645.3,23723.69,418060584.0
2020-05-04,23581.55,23769.56,23361.16,23749.76,355386687.0
2020-05-05,23958.88,24169.72,23868.91,23883.09,369645539.0
2020-05-06,23978.88,24054.59,23661.14,23664.64,377369680.0
2020-05-07,23837.21,24094.62,23834.39,23875.89,369799018.0
2020-05-08,24107.82,24349.9,24107.05,24331.32,335746816.0
2020-05-11,24256.45,24366.21,24070.22,24221.99,345546681.0
2020-05-12,24292.84,24382.09,23761.58,23764.78,350548213.0
2020-05-13,23702.16,23708.9,23067.64,23247.97,459134399.0
2020-05-14,23049.06,23630.86,22789.62,23625.34,460204323.0
2020-05-15,23454.83,23730.08,23354.15,23685.42,471716617.0
2020-05-18,24059.98,24708.54,24059.98,24597.37,464536548.0
2020-05-19,24577.48,24599.5,24202.96,24206.86,362434725.0
2020-05-20,24455.94,24649.48,24455.94,24575.9,361590527.0
2020-05-21,24564.27,24718.46,24370.88,24474.12,338551206.0
2020-05-22,24461.98,24481.64,24294.07,24465.16,249149071.0
2020-05-26,24781.84,25176.42,24781.84,24995.11,410333191.0
2020-05-27,25298.63,25551.56,25009.87,25548.27,405805176.0
2020-05-28,25697.36,25758.79,25358.73,25400.64,365708199.0
2020-05-29,25324.15,25482.8,25031.67,25383.11,531752542.0
2020-06-01,25342.99,25508.83,25220.66,25475.02,329662110.0
2020-06-02,25582.52,25743.13,25523.74,25742.65,340293401.0
2020-06-03,25906.88,26337.75,25906.88,26269.89,385289502.0
2020-06-04,26226.49,26384.1,26082.31,26281.82,365440595.0
2020-06-05,26836.8,27338.3,26836.8,27110.98,530853251.0
2020-06-08,27232.93,27580.21,27232.48,27572.44,435055280.0
2020-06-09,27447.37,27447.37,27151.06,27272.3,389102400.0
2020-06-10,27251.89,27355.22,26938.05,26989.99,452134068.0
2020-06-11,26282.51,26294.08,25082.72,25128.17,653428946.0
2020-06-12,25659.42,25965.55,25078.41,25605.54,521599251.0
2020-06-15,25270.39,25891.58,24843.18,25763.16,464033631.0
2020-06-16,26326.68,26611.03,25811.7,26289.98,494919404.0
2020-06-17,26330.52,26400.07,26068.41,26119.61,331455159.0
2020-06-18,26016.45,26154.2,25848.53,26080.1,331645323.0
2020-06-19,26213.1,26451.44,25759.66,25871.46,685580879.0
2020-06-22,25865.08,26059.81,25667.68,26024.96,354005555.0
2020-06-23,26159.39,26314.97,26105.97,26156.1,393203121.0
2020-06-24,25992.96,25992.96,25296.73,25445.94,453410082.0
2020-06-25,25365.22,25769.61,25209.79,25745.6,391245292.0
2020-06-26,25641.69,25641.69,24971.03,25015.55,678041392.0
2020-06-29,25152.45,25601.15,25096.16,25595.8,386836808.0
2020-06-30,25512.43,25905.38,25475.14,25812.88,413195530.0
2020-07-01,25879.38,26019.31,25713.61,25734.97,374839860.0
2020-07-02,25936.45,26204.41,25778.12,25827.36,350710950.0
2020-07-06,25996.08,26297.53,25996.08,26287.03,344583128.0
2020-07-07,26172.01,26174.93,25866.58,25890.18,349697306.0
2020-07-08,25950.06,26109.49,25816.25,26067.28,339417991.0
2020-07-09,26094.92,26103.28,25523.51,25706.09,389840687.0
2020-07-10,25690.35,26101.32,25637.5,26075.3,338277450.0
2020-07-13,26225.07,26639.09,26044.23,26085.8,430118575.0
2020-07-14,26044.17,26690.52,25994.98,26642.59,410776222.0
2020-07-15,27009.81,27071.33,26692.48,26870.1,389941573.0
2020-07-16,26746.57,26879.16,26590.01,26734.71,289346916.0
2020-07-17,26774.62,26808.43,26619.88,26671.95,301176755.0
2020-07-20,26660.29,26765.02,26504.2,26680.87,313720152.0
2020-07-21,26833.14,27025.38,26766.22,26840.4,367856994.0
2020-07-22,26824.56,27035.24,26794.19,27005.84,414798714.0
2020-07-23,26955.97,26973.85,26560.04,26652.33,432001397.0
2020-07-24,26533.41,26625.7,26402.86,26469.89,499797614.0
2020-07-27,26447.67,26625.46,26426.92,26584.77,403073613.0
2020-07-28,26529.45,26556.84,26361.71,26379.28,365935638.0
2020-07-29,26388.44,26602.45,26375.39,26539.57,348596822.0
2020-07-30,26367.42,26374.93,25992.28,26313.65,362616878.0
2020-07-31,26409.33,26440.02,26013.59,26428.32,492830042.0
2020-08-03,26542.32,26707.26,26534.38,26664.4,440843730.0
2020-08-04,26664.61,26832.72,26597.82,26828.47,356457912.0
2020-08-05,26924.78,27221.67,26924.78,27201.52,370743634.0
2020-08-06,27170.82,27394.1,27145.25,27386.98,324279991.0
2020-08-07,27321.68,27456.24,27223.55,27433.48,325589988.0
2020-08-10,27488.21,27803.86,27488.21,27791.44,363717518.0
2020-08-11,27961.64,28154.88,27624.51,27686.91,431304121.0
2020-08-12,27860.24,28043.89,27843.32,27976.84,343871742.0
2020-08-13,27922.51,27986.1,27789.78,27896.72,365933275.0
2020-08-14,27828.93,27977.81,27759.39,27931.02,278704304.0
2020-08-17,27970.05,27999.81,27816.4,27844.91,293219003.0
2020-08-18,27853.48,27891.12,27668.79,27778.07,278094266.0
2020-08-19,27811.26,27920.42,27647.67,27692.88,316145746.0
2020-08-20,27622.68,27781.46,27526.25,27739.73,307309893.0
2020-08-21,27758.13,27959.48,27686.78,27930.33,375350061.0
2020-08-24,28077.58,28314.94,28041.75,28308.46,387164421.0
2020-08-25,28347.42,28400.74,28094.57,28248.44,341916662.0
2020-08-26,28257.88,28353.8,28153.91,28331.92,332499788.0
2020-08-27,28384.07,28634.22,28363.93,28492.27,407652907.0
2020-08-28,28601.29,28733.35,28487.98,28653.87,375599704.0
2020-08-31,28643.66,28643.66,28363.55,28430.05,562395364.0
2020-09-01,28439.61,28659.26,28290.72,28645.66,476977350.0
2020-09-02,28736.79,29162.88,28713.53,29100.5,585929062.0
2020-09-03,29090.7,29199.35,28074.76,28292.73,714447196.0
2020-09-04,28341.05,28539.75,27664.68,28133.31,739979966.0
2020-09-08,27925.23,27925.23,27464.9,27500.89,643916591.0
2020-09-09,27711.71,28206.21,27704.54,27940.47,513595988.0
2020-09-10,28022.51,28174.78,27447.08,27534.58,502207664.0
2020-09-11,27613.86,27828.82,27448.15,27665.64,488365888.0
2020-09-14,27718.74,28086.06,27718.74,27993.33,437557778.0
2020-09-15,28139.76,28231.06,27931.45,27995.6,463808442.0
2020-09-16,28031.69,28364.77,28021.67,28032.38,469600474.0
2020-09-17,27834.18,28056.79,27647.93,27901.98,478116198.0
2020-09-18,27864.87,27946.69,27487.97,27657.42,783373188.0
2020-09-21,27484.71,27484.71,26715.15,27147.7,583900224.0
2020-09-22,27170.34,27333.09,26989.93,27288.18,473495065.0
2020-09-23,27413.6,27464.46,26716.12,26763.13,513856816.0
2020-09-24,26716.09,27094.85,26537.01,26815.44,498515790.0
2020-09-25,26694.51,27239.29,26635.38,27173.96,432546315.0
2020-09-28,27362.14,27722.6,27362.14,27584.06,440653424.0
2020-09-29,27560.24,27605.6,27338.09,27452.66,340299876.0
2020-09-30,27514.64,28026.33,27511.06,27781.7,493872515.0
2020-10-01,27940.63,28041.46,27669.26,27816.9,432108133.0
2020-10-02,27536.39,27861.43,27382.94,27682.81,450112410.0
2020-10-05,27825.42,28162.64,27825.42,28148.64,363078980.0
2020-10-06,28214.24,28354.48,27728.03,27772.76,488795508.0
2020-10-07,27971.36,28369.66,27971.36,28303.46,373266485.0
2020-10-08,28348.86,28459.13,28265.56,28425.51,361645956.0
2020-10-09,28533.61,28676.29,28440.63,28586.9,372558656.0
2020-10-12,28671.12,28957.9,28659.67,28837.52,528024362.0
2020-10-13,28764.95,28808.84,28604.35,28679.81,573072431.0
2020-10-14,28731.3,28792.56,28461.73,28514.0,407846658.0
2020-10-15,28323.4,28535.85,28181.54,28494.2,366200001.0
2020-10-16,28570.72,28842.9,28570.72,28606.31,423903339.0
2020-10-19,28633.55,28711.93,28139.4,28195.42,415751770.0
2020-10-20,28245.85,28575.03,28243.04,28308.79,397599026.0
2020-10-21,28270.66,28450.64,28196.39,28210.82,348061295.0
2020-10-22,28197.42,28421.31,28040.18,28363.66,388265153.0
2020-10-23,28409.65,28436.52,28149.82,28335.57,405783411.0
2020-10-26,28185.82,28185.82,27370.16,27685.38,468843857.0
2020-10-27,27651.18,27707.69,27457.96,27463.19,446064816.0
2020-10-28,27102.14,27102.14,26497.39,26519.95,584504651.0
2020-10-29,26480.98,26891.89,26290.78,26659.11,510025582.0
2020-10-30,26572.27,26639.18,26143.77,26501.6,580399842.0
2020-11-02,26691.28,27043.48,26691.28,26925.05,442781686.0
2020-11-03,27138.69,27640.21,27138.69,27480.03,410504721.0
2020-11-04,27512.83,28301.5,27512.83,27847.66,519102064.0
2020-11-05,28083.37,28495.05,28083.37,28390.18,448220871.0
2020-11-06,28399.13,28431.96,28189.5,28323.4,384890704.0
2020-11-09,29467.9,29933.83,29130.66,29157.97,977092849.0
2020-11-10,29254.17,29478.86,29126.99,29420.92,652068331.0
2020-11-11,29524.35,29593.11,29281.22,29397.63,470466969.0
2020-11-12,29231.91,29311.83,28902.13,29080.17,448919180.0
2020-11-13,29203.9,29559.25,29203.9,29479.81,414865916.0
2020-11-16,29672.36,29964.29,29672.36,29950.44,533291942.0
2020-11-17,29800.15,29872.42,29520.29,29783.35,451267694.0
2020-11-18,29875.4,29930.85,29432.84,29438.42,483344317.0
2020-11-19,29370.92,29524.9,29228.38,29483.23,399496812.0
2020-11-20,29437.57,29469.89,29231.2,29263.48,383922137.0
2020-11-23,29332.82,29667.75,29332.82,29591.27,460322528.0
2020-11-24,29746.11,30116.51,29746.11,30046.24,524707518.0
2020-11-25,30058.87,30058.87,29806.25,29872.47,353704715.0
2020-11-27,29911.33,30015.13,29819.98,29910.37,215601981.0
2020-11-30,29854.51,29854.51,29463.64,29638.64,654035691.0
2020-12-01,29797.5,30083.31,29797.5,29823.92,522745935.0
2020-12-02,29695.09,29902.51,29599.29,29883.79,452968618.0
2020-12-03,29920.83,30110.88,29877.27,29969.52,485289276.0
2020-12-04,29989.56,30218.26,29989.56,30218.26,411739468.0
2020-12-07,30233.03,30233.03,29967.22,30069.79,431325167.0
2020-12-08,29997.95,30246.22,29972.07,30173.88,422487342.0
2020-12-09,30229.81,30319.7,29951.85,30068.81,493716575.0
2020-12-10,30032.55,30063.87,29876.82,29999.26,419216240.0
2020-12-11,29988.21,30071.13,29820.84,30046.37,476285966.0
2020-12-14,30123.91,30325.79,29849.15,29861.55,503167510.0
2020-12-15,29919.09,30243.26,29894.95,30199.31,509402096.0
2020-12-16,30191.38,30236.03,30080.11,30154.54,437252705.0
2020-12-17,30216.0,30323.78,30216.0,30303.37,410745538.0
2020-12-18,30314.26,30343.59,30029.44,30179.05,901052039.0
2020-12-21,30159.0,30304.14,29755.53,30216.45,514084209.0
2020-12-22,30200.2,30200.2,29992.89,30015.51,442649621.0
2020-12-23,30046.73,30292.53,30046.73,30129.83,325442987.0
2020-12-24,30155.92,30209.67,30099.3,30199.87,163374349.0
2020-12-28,30283.23,30525.56,30283.23,30403.97,350368362.0
2020-12-29,30492.07,30588.79,30274.24,30335.67,397646925.0
2020-12-30,30415.09,30525.35,30393.04,30409.56,342086138.0
2020-12-31,30417.64,30637.47,30344.5,30606.48,336082106.0
2021-01-04,30627.47,30674.28,29881.82,30223.89,530782376.0
2021-01-05,30204.25,30504.89,30141.78,30391.6,420782253.0
2021-01-06,30362.78,31022.65,30313.07,30829.4,568401807.0
2021-01-07,30901.18,31193.4,30897.86,31041.13,487109146.0
2021-01-08,31069.58,31140.67,30793.27,31097.97,440367551.0
2021-01-11,31015.37,31096.98,30832.06,31008.69,445823181.0
2021-01-12,31015.01,31114.56,30888.76,31068.69,440149173.0
2021-01-13,31084.88,31153.37,30992.05,31060.47,474629104.0
2021-01-14,31085.67,31223.78,30982.24,30991.52,493647734.0
2021-01-15,30926.77,30941.98,30612.67,30814.26,509589532.0
2021-01-19,30887.42,31086.62,30865.03,30930.52,446242897.0
2021-01-20,31017.54,31235.98,30997.79,31188.38,433882480.0
2021-01-21,31198.01,31272.22,31120.92,31176.01,488794453.0
2021-01-22,31141.56,31141.56,30908.47,30996.98,476643919.0
2021-01-25,30989.85,30989.85,30564.06,30960.0,532855231.0
2021-01-26,30968.55,31121.42,30921.71,30937.04,441398941.0
2021-01-27,30893.78,30893.78,30206.91,30303.17,655432794.0
2021-01-28,30377.19,30951.41,30377.19,30603.36,528513252.0
2021-01-29,30553.91,30553.91,29856.3,29982.62,640132834.0
2021-02-01,30054.73,30335.91,30014.97,30211.91,412355695.0
2021-02-02,30276.88,30840.54,30276.88,30687.48,451681429.0
2021-02-03,30689.65,30793.41,30521.31,30723.6,376162283.0
2021-02-04,30737.78,31065.96,30737.78,31055.86,401801750.0
2021-02-05,31093.81,31252.18,31083.22,31148.24,363423921.0
2021-02-08,31191.2,31386.1,31191.2,31385.76,394025744.0
2021-02-09,31359.88,31439.47,31245.86,31375.83,368421696.0
2021-02-10,31428.02,31511.44,31221.32,31437.8,378092449.0
2021-02-11,31466.49,31543.82,31244.36,31430.7,338911957.0
2021-02-12,31420.8,31475.31,31347.8,31458.4,308568203.0
2021-02-16,31472.08,31608.63,31443.48,31522.75,386291197.0
2021-02-17,31485.61,31643.7,31338.76,31613.02,395538830.0
2021-02-18,31558.6,31558.6,31285.32,31493.34,369535872.0
2021-02-19,31504.13,31647.53,31469.34,31494.32,402127643.0
2021-02-22,31381.12,31653.48,31286.57,31521.69,462830059.0
2021-02-23,31501.89,31653.38,31158.76,31537.35,532120363.0
2021-02-24,31499.75,32009.64,31421.29,31961.86,473681244.0
2021-02-25,31955.94,31984.77,31293.32,31402.01,523204460.0
2021-02-26,31401.29,31450.89,30911.37,30932.37,599802031.0
2021-03-01,31065.9,31668.34,31065.9,31535.51,448282523.0
2021-03-02,31535.37,31623.27,31377.16,31391.52,392040399.0
2021-03-03,31352.96,31563.31,31260.14,31270.09,483599269.0
2021-03-04,31289.01,31461.97,30547.53,30924.14,642847875.0
2021-03-05,31029.18,31580.33,30766.81,31496.3,577386314.0
2021-03-08,31512.15,32148.04,31512.15,31802.44,556689043.0
2021-03-09,31892.35,32150.32,31822.64,31832.74,520141254.0
2021-03-10,31906.96,32389.5,31906.96,32297.02,469456098.0
2021-03-11,32354.5,32661.59,32345.7,32485.59,447260353.0
2021-03-12,32462.4,32793.32,32462.4,32778.64,382557944.0
2021-03-15,32798.84,32973.4,32629.75,32953.46,413057091.0
2021-03-16,32966.75,32966.75,32778.23,32825.95,439929862.0
2021-03-17,32825.52,33047.58,32782.18,33015.37,456961442.0
2021-03-18,32928.16,33227.78,32831.25,32862.3,479266434.0
2021-03-19,32858.36,32858.36,32505.07,32627.97,977294552.0
2021-03-22,32601.82,32810.35,32512.53,32731.2,452080903.0
2021-03-23,32691.5,32753.77,32356.28,32423.15,453064617.0
2021-03-24,32470.88,32787.99,32418.15,32420.06,456858883.0
2021-03-25,32346.81,32672.69,32071.41,32619.48,463916838.0
2021-03-26,32681.07,33098.83,32681.07,33072.88,440533072.0
2021-03-29,33087.55,33259.0,32905.13,33171.37,396823512.0
2021-03-30,33127.88,33170.93,32988.92,33066.96,353896630.0
2021-03-31,33116.04,33173.77,32980.57,32981.55,463763557.0
2021-04-01,33054.58,33167.17,32985.35,33153.21,361763930.0
2021-04-05,33222.38,33617.95,33222.38,33527.19,390469827.0
2021-04-06,33500.02,33544.79,33380.43,33430.24,341993950.0
2021-04-07,33444.98,33521.76,33347.96,33446.26,324303431.0
2021-04-08,33469.89,33506.8,33342.64,33503.57,342100247.0
2021-04-09,33526.19,33810.87,33526.19,33800.6,363565693.0
2021-04-12,33775.06,33786.19,33665.54,33745.4,374834600.0
2021-04-13,33721.16,33741.64,33545.84,33677.27,379496367.0
2021-04-14,33668.95,33911.25,33668.95,33730.89,367682453.0
2021-04-15,33788.53,34068.73,33788.53,34035.99,366262354.0
2021-04-16,34058.16,34256.75,34058.16,34200.67,421407753.0
2021-04-19,34182.38,34182.38,33980.56,34077.63,366562152.0
2021-04-20,34034.18,34034.18,33687.01,33821.3,404602211.0
2021-04-21,33808.3,34160.34,33773.8,34137.31,343539008.0
2021-04-22,34109.88,34126.57,33717.19,33815.9,398528744.0
2021-04-23,33804.52,34157.57,33713.29,34043.49,382946618.0
2021-04-26,34044.23,34148.94,33941.37,33981.57,325552440.0
2021-04-27,33932.13,34043.98,33870.46,33984.93,338943330.0
2021-04-28,33860.46,33946.6,33805.56,33820.38,398723167.0
2021-04-29,33855.64,34087.21,33744.28,34060.36,458048125.0
2021-04-30,33988.75,33988.75,33784.96,33874.85,431923354.0
2021-05-03,33904.89,34221.06,33904.89,34113.23,353663836.0
2021-05-04,34080.2,34147.78,33765.68,34133.03,483639078.0
2021-05-05,34163.99,34331.2,34039.66,34230.34,326697630.0
2021-05-06,34245.11,34561.29,34185.06,34548.53,394242898.0
2021-05-07,34578.27,34811.39,34464.31,34777.76,375114370.0
2021-05-10,34785.27,35091.56,34741.57,34742.82,430788989.0
2021-05-11,34572.74,34572.74,34075.31,34269.16,473509519.0
2021-05-12,34206.4,34207.87,33555.22,33587.66,441359019.0
2021-05-13,33624.74,34181.77,33623.49,34021.45,396789866.0
2021-05-14,34050.86,34454.05,34050.86,34382.13,342905313.0
2021-05-17,34375.29,34383.84,34176.65,34327.79,336039109.0
2021-05-18,34351.18,34408.99,34044.1,34060.66,343203774.0
2021-05-19,33945.81,33945.81,33473.8,33896.04,403833124.0
2021-05-20,33906.3,34233.4,33872.41,34084.15,363036183.0
2021-05-21,34121.91,34415.48,34121.91,34207.84,348076278.0
2021-05-24,34253.87,34472.51,34253.87,34393.98,283121988.0
2021-05-25,34428.66,34511.35,34266.03,34312.46,339153231.0
2021-05-26,34336.34,34409.59,34271.44,34323.05,310227166.0
2021-05-27,34432.47,34608.82,34389.24,34464.64,582378357.0
2021-05-28,34558.5,34631.11,34520.09,34529.45,308099352.0
2021-06-01,34584.19,34849.32,34542.87,34575.31,337295799.0
2021-06-02,34614.62,34706.65,34545.96,34600.38,302421498.0
2021-06-03,34550.31,34667.41,34334.41,34577.04,334321380.0
2021-06-04,34618.69,34772.12,34618.69,34756.39,306595177.0
2021-06-07,34766.2,34820.91,34574.51,34630.24,299990040.0
2021-06-08,34645.84,34665.38,34452.94,34599.82,340651885.0
2021-06-09,34626.16,34654.67,34439.37,34447.14,302696556.0
2021-06-10,34502.51,34737.79,34447.25,34466.24,377521252.0
2021-06-11,34499.81,34618.09,34328.65,34479.6,297377139.0
2021-06-14,34472.52,34472.52,34211.54,34393.75,338121278.0
2021-06-15,34397.1,34420.38,34199.16,34299.33,324089387.0
2021-06-16,34308.48,34333.25,33917.11,34033.67,391112451.0
2021-06-17,34014.38,34091.79,33626.61,33823.45,403334814.0
2021-06-18,33622.7,33622.7,33271.93,33290.08,640224674.0
2021-06-21,33312.07,33908.09,33312.07,33876.97,371791303.0
2021-06-22,33872.56,34040.7,33751.06,33945.58,324672607.0
2021-06-23,33948.54,34009.4,33869.83,33874.24,295238830.0
2021-06-24,33933.91,34233.02,33933.91,34196.82,312093292.0
2021-06-25,34328.1,34501.02,34314.8,34433.84,479748443.0
2021-06-28,34428.1,34449.65,34186.13,34283.27,320257590.0
2021-06-29,34338.89,34469.83,34266.83,34292.29,321388212.0
2021-06-30,34290.74,34553.16,34245.48,34502.51,333493947.0
2021-07-01,34507.32,34640.28,34498.85,34633.53,309690314.0
2021-07-02,34642.42,34821.93,34613.49,34786.35,332517041.0
2021-07-06,34790.16,34814.2,34358.42,34577.37,390545107.0
2021-07-07,34604.17,34708.78,34435.59,34681.79,340215866.0
2021-07-08,34569.01,34569.01,34145.59,34421.93,374853414.0
2021-07-09,34457.51,34893.72,34457.51,34870.16,340542786.0
2021-07-12,34836.75,35014.9,34730.15,34996.18,344868996.0
2021-07-13,34959.96,35018.79,34876.89,34888.79,349211627.0
2021-07-14,34920.83,35069.18,34826.87,34933.23,381986325.0
2021-07-15,34924.81,34990.41,34762.87,34987.02,348417997.0
2021-07-16,35007.94,35090.01,34647.82,34687.85,371369144.0
2021-07-19,34528.48,34528.48,33741.76,33962.04,510463173.0
2021-07-20,33981.79,34621.79,33981.79,34511.99,433906425.0
2021-07-21,34556.96,34820.24,34556.96,34798.0,358437114.0
2021-07-22,34799.68,34879.28,34673.03,34823.35,322395128.0
2021-07-23,34855.11,35095.33,34855.11,35061.55,342258461.0
2021-07-26,35055.86,35150.37,34950.19,35144.31,304893565.0
2021-07-27,35078.9,35078.9,34878.07,35058.52,389294787.0
2021-07-28,35109.95,35116.37,34876.84,34930.93,422819077.0
2021-07-29,34985.99,35171.52,34985.99,35084.53,272323432.0
2021-07-30,35013.26,35106.3,34871.13,34935.47,331053467.0
2021-08-02,34968.56,35192.11,34808.2,34838.16,305922456.0
2021-08-03,34864.1,35120.94,34714.33,35116.4,321747859.0
2021-08-04,35047.44,35047.44,34790.62,34792.67,304763354.0
2021-08-05,34815.61,35067.54,34815.61,35064.25,250096562.0
2021-08-06,35077.44,35246.79,35077.44,35208.51,265239473.0
2021-08-09,35229.67,35229.67,35041.24,35101.85,255720128.0
2021-08-10,35135.17,35285.16,35091.91,35264.67,346841540.0
2021-08-11,35300.89,35501.16,35300.89,35484.97,298517045.0
2021-08-12,35481.94,35510.77,35352.53,35499.85,280298152.0
2021-08-13,35551.56,35610.57,35474.78,35515.38,288326642.0
2021-08-16,35490.83,35631.19,35231.87,35625.4,349796750.0
2021-08-17,35500.01,35500.01,35120.31,35343.28,391894892.0
2021-08-18,35310.2,35356.8,34943.41,34960.69,398037893.0
2021-08-19,34874.67,34997.81,34690.25,34894.12,419682645.0
2021-08-20,34917.96,35177.26,34867.07,35120.08,319308648.0
2021-08-23,35160.97,35428.91,35160.97,35335.71,353201188.0
2021-08-24,35382.72,35445.47,35356.18,35366.26,296274532.0
2021-08-25,35388.77,35501.14,35287.63,35405.5,295938944.0
2021-08-26,35449.68,35498.45,35205.1,35213.12,261134341.0
2021-08-27,35231.11,35479.18,35231.11,35455.8,282439352.0
2021-08-30,35471.8,35510.71,35374.46,35399.84,281273389.0
2021-08-31,35391.38,35449.79,35289.86,35360.73,395191509.0
2021-09-01,35387.55,35407.37,35287.05,35312.53,314713523.0
2021-09-02,35353.06,35475.4,35348.48,35443.82,310395463.0
2021-09-03,35401.73,35422.71,35269.4,35369.09,251000526.0
2021-09-07,35373.24,35373.24,35060.9,35100.0,334626819.0
2021-09-08,35087.45,35175.15,34925.61,35031.07,292830900.0
2021-09-09,35013.08,35199.89,34847.3,34879.38,301857809.0
2021-09-10,34949.59,35104.25,34599.61,34607.72,366070143.0
2021-09-13,34665.5,34939.1,34665.5,34869.63,395732307.0
2021-09-14,34906.9,34990.36,34510.3,34577.57,370452133.0
2021-09-15,34580.95,34880.77,34522.03,34814.39,374859256.0
2021-09-16,34810.27,34943.55,34540.11,34751.32,320894591.0
2021-09-17,34737.86,34779.86,34519.63,34584.88,671000759.0
2021-09-20,34459.72,34459.72,33613.03,33970.47,506527994.0
2021-09-21,34025.61,34313.88,33914.02,33919.84,349921122.0
2021-09-22,34006.87,34440.42,34006.87,34258.32,349642017.0
2021-09-23,34296.3,34879.78,34296.3,34764.82,316183747.0
2021-09-24,34762.31,34857.06,34648.08,34798.0,283022934.0
2021-09-27,34739.27,35061.12,34739.27,34869.37,340233595.0
2021-09-28,34747.7,34798.21,34254.65,34299.99,444415702.0
2021-09-29,34360.08,34580.42,34305.96,34390.72,328733256.0
2021-09-30,34467.98,34557.37,33833.32,33843.92,406154846.0
2021-10-01,33930.7,34490.56,33785.54,34326.46,492420154.0
2021-10-04,34312.96,34410.28,33821.58,34002.92,457932000.0
2021-10-05,34035.25,34490.95,34035.25,34314.67,360947205.0
2021-10-06,34198.96,34432.68,33854.69,34416.99,380255397.0
2021-10-07,34509.72,34975.19,34509.72,34754.94,310485135.0
2021-10-08,34757.57,34842.62,34661.95,34746.25,270209916.0
2021-10-11,34723.79,34951.35,34486.51,34496.06,288326951.0
2021-10-12,34507.15,34611.24,34318.94,34378.34,351980410.0
2021-10-13,34372.71,34449.83,34115.1,34377.81,354800727.0
2021-10-14,34443.22,34923.83,34443.22,34912.56,371675488.0
2021-10-15,35023.63,35320.97,35023.63,35294.76,361468256.0
2021-10-18,35221.02,35327.57,35035.94,35258.61,358473544.0
2021-10-19,35325.37,35462.68,35290.12,35457.31,314648025.0
2021-10-20,35475.16,35669.69,35465.71,35609.34,301816501.0
2021-10-21,35520.32,35612.36,35442.53,35603.08,341046446.0
2021-10-22,35607.72,35765.02,35533.95,35677.02,377998070.0
2021-10-25,35692.62,35787.04,35629.37,35741.15,309879527.0
2021-10-26,35791.05,35892.92,35734.73,35756.88,380520849.0
2021-10-27,35835.43,35835.43,35490.43,35490.69,399667682.0
2021-10-28,35545.41,35742.25,35545.41,35730.48,383302764.0
2021-10-29,35712.28,35852.53,35633.2,35819.56,459864198.0
2021-11-01,35833.65,36009.74,35797.97,35913.84,344396909.0
2021-11-02,35935.11,36088.81,35884.13,36052.63,386051528.0
2021-11-03,36059.09,36178.51,35891.73,36157.58,320354913.0
2021-11-04,36107.46,36168.03,35986.48,36124.23,361561660.0
2021-11-05,36268.75,36484.75,36190.2,36327.95,534285391.0
2021-11-08,36416.46,36565.73,36334.42,36432.22,360384779.0
2021-11-09,36404.53,36416.98,36173.07,36319.98,303825543.0
2021-11-10,36299.25,36346.61,36009.5,36079.94,342971711.0
2021-11-11,36038.78,36108.17,35915.27,35921.23,328685610.0
2021-11-12,35963.78,36147.63,35934.59,36100.31,332877997.0
2021-11-15,36128.83,36236.07,36031.78,36087.45,326667902.0
2021-11-16,36076.18,36316.61,36076.18,36142.22,361539407.0
2021-11-17,36159.7,36159.7,35909.48,35931.05,408410897.0
2021-11-18,35901.69,35952.63,35654.39,35870.95,480002629.0
2021-11-19,35879.09,35879.09,35555.37,35601.98,492114769.0
2021-11-22,35631.41,35929.66,35615.55,35619.25,467890996.0
2021-11-23,35619.92,35841.52,35542.87,35813.8,432576496.0
2021-11-24,35752.31,35825.47,35591.03,35804.38,316649299.0
2021-11-26,35366.69,35366.69,34749.8,34899.34,422038092.0
2021-11-29,35017.71,35287.91,34895.89,35135.94,502302043.0
2021-11-30,35056.99,35056.99,34424.44,34483.72,764047083.0
2021-12-01,34678.94,35004.64,34006.98,34022.04,564592710.0
2021-12-02,34076.25,34759.65,34076.25,34639.79,532276830.0
2021-12-03,34692.78,34801.31,34264.57,34580.08,495631040.0
2021-12-06,34633.43,35356.75,34633.43,35227.03,484207074.0
2021-12-07,35423.99,35819.47,35423.99,35719.43,537278770.0
2021-12-08,35716.85,35840.52,35602.65,35754.75,439232631.0
2021-12-09,35722.26,35864.24,35577.14,35754.69,404814439.0
2021-12-10,35830.55,35982.69,35710.43,35970.99,404517391.0
2021-12-13,35958.93,35958.93,35609.53,35650.95,521552428.0
2021-12-14,35605.73,35779.47,35441.74,35544.18,522130312.0
2021-12-15,35549.35,35943.84,35389.3,35927.43,526041801.0
2021-12-16,36036.28,36189.83,35778.21,35897.64,569730409.0
2021-12-17,35800.11,35800.11,35284.26,35365.44,896157975.0
2021-12-20,35222.12,35222.12,34665.5,34932.16,462936403.0
2021-12-21,35069.5,35508.96,35069.5,35492.7,438602980.0
2021-12-22,35491.71,35764.67,35433.13,35753.89,366038462.0
2021-12-23,35782.42,36060.99,35782.42,35950.56,305178676.0
2021-12-27,35954.48,36306.61,35954.48,36302.38,285471040.0
2021-12-28,36302.99,36527.26,36302.99,36398.21,286735174.0
2021-12-29,36421.14,36571.55,36396.19,36488.63,251970628.0
2021-12-30,36522.48,36679.44,36372.13,36398.08,241218115.0
2021-12-31,36385.85,36484.94,36303.97,36338.3,257462417.0
2022-01-03,36321.59,36595.82,36246.45,36585.06,436598443.0
2022-01-04,36636.0,36934.84,36636.0,36799.65,543039217.0
2022-01-05,36722.6,36952.65,36400.39,36407.11,539088106.0
2022-01-06,36409.05,36464.19,36200.68,36236.47,449741445.0
2022-01-07,36249.59,36382.84,36111.53,36231.66,406797595.0
2022-01-10,36175.21,36175.21,35639.91,36068.87,488023456.0
2022-01-11,36058.85,36271.47,35769.38,36252.02,421210623.0
2022-01-12,36336.16,36453.49,36168.15,36290.32,361798146.0
2022-01-13,36312.49,36513.88,36044.22,36113.62,395636110.0
2022-01-14,35996.43,35996.43,35641.49,35911.81,439707231.0
2022-01-18,35661.76,35661.76,35262.02,35368.47,490284707.0
2022-01-19,35412.3,35547.83,35015.49,35028.65,443735245.0
2022-01-20,35102.66,35490.2,34670.12,34715.39,429729331.0
2022-01-21,34701.69,34896.67,34229.55,34265.37,593443286.0
2022-01-24,34070.61,34420.99,33150.33,34364.5,768621756.0
2022-01-25,34186.64,34591.04,33545.52,34297.73,607002705.0
2022-01-26,34520.82,34815.67,33876.48,34168.09,620827829.0
2022-01-27,34261.75,34773.32,34007.78,34160.78,597909180.0
2022-01-28,34135.24,34731.77,33807.51,34725.47,626107251.0
2022-01-31,34691.17,35148.14,34496.1,35131.86,541194328.0
2022-02-01,35151.47,35441.09,34977.95,35405.24,479954926.0
2022-02-02,35378.19,35679.2,35290.12,35629.33,427396514.0
2022-02-03,35520.08,35535.94,35071.06,35111.16,430259974.0
2022-02-04,35095.74,35333.55,34799.08,35089.74,400793221.0
2022-02-07,35108.38,35325.01,34993.98,35091.13,394775875.0
2022-02-08,35160.68,35544.89,35090.42,35462.78,432972715.0
2022-02-09,35614.9,35824.28,35614.9,35768.06,421274330.0
2022-02-10,35630.81,35800.24,35100.72,35241.59,478651056.0
2022-02-11,35267.89,35431.15,34620.52,34738.06,477808044.0
2022-02-14,34694.5,34744.56,34304.28,34566.17,445148572.0
2022-02-15,34686.19,35047.79,34686.19,34988.84,359542132.0
2022-02-16,34951.83,35042.09,34642.64,34934.27,351306790.0
2022-02-17,34858.47,34858.47,34246.23,34312.03,389158484.0
2022-02-18,34310.45,34423.58,33976.18,34079.18,457375432.0
2022-02-22,33974.09,34024.74,33364.29,33596.61,500105667.0
2022-02-23,33680.97,33832.59,33084.9,33131.76,421224713.0
2022-02-24,32830.33,33269.34,32272.64,33223.83,673343191.0
2022-02-25,33277.22,34095.74,33277.22,34058.75,475477113.0
2022-02-28,33870.62,33963.63,33469.31,33892.6,524132660.0
2022-03-01,33813.48,33870.14,33107.67,33294.95,503166939.0
2022-03-02,33379.51,34013.67,33379.51,33891.35,472111450.0
2022-03-03,33972.87,34179.07,33641.53,33794.66,424911715.0
2022-03-04,33655.43,33655.43,33254.12,33614.8,482475277.0
2022-03-07,33579.75,33579.75,32806.15,32817.38,581146275.0
2022-03-08,32885.17,33402.98,32578.73,32632.64,653514090.0
2022-03-09,32860.42,33457.28,32860.42,33286.25,507633430.0
2022-03-10,33106.77,33236.59,32819.76,33174.07,462887778.0
2022-03-11,33279.72,33515.61,32911.89,32944.19,432875928.0
2022-03-14,33000.37,33395.59,32818.16,32945.24,475399572.0
2022-03-15,32989.27,33620.84,32989.27,33544.34,466327845.0
2022-03-16,33653.93,34075.94,33391.24,34063.1,492932033.0
2022-03-17,33995.39,34483.92,33896.06,34480.76,399761144.0
2022-03-18,34466.72,34755.2,34279.83,34754.93,704812266.0
2022-03-21,34669.85,34808.28,34341.81,34552.99,472925514.0
2022-03-22,34583.24,34882.03,34583.24,34807.46,419366656.0
2022-03-23,34748.84,34748.84,34352.96,34358.5,398765941.0
2022-03-24,34406.81,34713.56,34355.42,34707.94,365854858.0
2022-03-25,34702.39,34942.7,34631.52,34861.24,323036635.0
2022-03-28,34833.03,34957.93,34552.23,34955.89,341647029.0
2022-03-29,35114.35,35372.26,35030.07,35294.19,419804272.0
2022-03-30,35273.63,35361.36,35058.58,35228.81,369842941.0
2022-03-31,35201.52,35201.52,34677.99,34678.35,484697596.0
2022-04-01,34740.89,34847.91,34538.25,34818.27,379142886.0
2022-04-04,34799.98,34940.78,34615.38,34921.88,350557123.0
2022-04-05,34876.33,35112.21,34566.04,34641.18,344602811.0
2022-04-06,34520.34,34609.84,34277.17,34496.51,434859407.0
2022-04-07,34439.24,34705.83,34190.95,34583.57,384117327.0
2022-04-08,34569.24,34908.46,34470.19,34721.12,351166379.0
2022-04-11,34630.27,34701.34,34272.29,34308.08,376083928.0
2022-04-12,34412.51,34669.97,34102.81,34220.36,373804662.0
2022-04-13,34166.64,34598.36,34140.64,34564.59,341268894.0
2022-04-14,34628.46,34889.17,34437.5,34451.23,388476298.0
2022-04-18,34411.49,34618.29,34279.08,34411.69,298634820.0
2022-04-19,34394.62,34983.11,34394.62,34911.2,350685346.0
2022-04-20,34962.67,35315.4,34962.67,35160.79,378536991.0
2022-04-21,35432.0,35521.0,34752.0,34792.76,412438664.0
2022-04-22,34727.38,34727.38,33773.39,33811.4,415964010.0
2022-04-25,33731.65,34106.01,33323.37,34049.46,477810060.0
2022-04-26,33907.49,33909.51,33230.95,33240.18,456006869.0
2022-04-27,33450.92,33697.18,33108.89,33301.93,507356836.0
2022-04-28,33425.96,34054.79,33248.46,33916.39,510766945.0
2022-04-29,33787.01,33919.59,32913.15,32977.21,552952031.0
2022-05-02,32978.49,33224.95,32449.87,33061.5,516891401.0
2022-05-03,33086.09,33341.58,32914.75,33128.79,425820730.0
2022-05-04,33171.8,34117.74,33021.84,34061.06,479098068.0
2022-05-05,33854.17,33854.17,32685.1,32997.97,507031169.0
2022-05-06,32773.88,33055.84,32474.69,32899.37,457941820.0
2022-05-09,32685.17,32685.17,32121.98,32245.7,535207901.0
2022-05-10,32504.09,32752.17,31887.89,32160.74,493371858.0
2022-05-11,32123.24,32584.02,31798.86,31834.11,521732651.0
2022-05-12,31699.04,31914.46,31228.22,31730.3,596967045.0
2022-05-13,31963.86,32276.05,31862.79,32196.66,430464201.0
2022-05-16,32152.15,32514.02,31928.18,32223.42,373751022.0
2022-05-17,32427.0,32689.14,32308.15,32654.59,425402921.0
2022-05-18,32468.67,32468.67,31393.95,31490.07,508465869.0
2022-05-19,31262.62,31569.13,31016.41,31253.13,554268268.0
2022-05-20,31426.94,31515.78,30635.76,31261.9,551025623.0
2022-05-23,31395.89,31968.42,31395.89,31880.24,452693827.0
2022-05-24,31717.61,32014.86,31365.59,31928.62,428527626.0
2022-05-25,31816.31,32254.44,31754.33,32120.28,392989139.0
2022-05-26,32248.17,32774.14,32248.17,32637.19,395343889.0
2022-05-27,32735.09,33213.62,32682.01,33212.96,369091013.0
2022-05-31,33160.59,33240.22,32752.34,32990.12,640857432.0
2022-06-01,33156.31,33272.34,32584.76,32813.23,344779544.0
2022-06-02,32809.01,33248.61,32509.43,33248.28,350437139.0
2022-06-03,32986.32,33135.61,32839.21,32899.7,327416082.0
2022-06-06,33032.04,33235.37,32819.5,32915.78,289294618.0
2022-06-07,32783.03,33207.45,32641.85,33180.14,327463783.0
2022-06-08,33087.07,33156.5,32824.37,32910.9,314420559.0
2022-06-09,32828.62,32956.73,32267.78,32272.79,331546530.0
2022-06-10,32053.52,32053.52,31387.84,31392.79,411949075.0
2022-06-13,31144.91,31144.91,30373.72,30516.74,526922052.0
2022-06-14,30592.34,30690.8,30144.23,30364.83,412780415.0
2022-06-15,30570.5,31011.97,30185.08,30668.53,440936390.0
2022-06-16,30305.74,30305.74,29740.35,29927.07,489307531.0
2022-06-17,29912.7,30167.52,29653.29,29888.78,788325339.0
2022-06-21,30074.69,30653.98,30074.69,30530.25,427754260.0
2022-06-22,30352.57,30777.92,30166.01,30483.13,387920496.0
2022-06-23,30570.33,30715.63,30293.4,30677.36,408588705.0
2022-06-24,30846.94,31517.29,30846.94,31500.68,509039151.0
2022-06-27,31533.6,31598.59,31351.37,31438.26,348046200.0
2022-06-28,31549.05,31885.09,30934.33,30946.99,395277656.0
2022-06-29,31067.41,31152.96,30894.53,31029.31,305796090.0
2022-06-30,30790.0,30979.85,30431.87,30775.43,461856685.0
2022-07-01,30737.77,31139.35,30487.79,31097.26,350901000.0
2022-07-05,30903.12,30971.74,30355.12,30967.82,376568685.0
2022-07-06,30957.3,31224.69,30794.84,31037.68,341281472.0
2022-07-07,31190.65,31421.84,31154.64,31384.55,332059718.0
2022-07-08,31348.43,31511.46,31212.45,31338.15,266469595.0
2022-07-11,31277.98,31367.55,31114.4,31173.84,272135315.0
2022-07-12,31113.31,31346.1,30860.51,30981.33,354141591.0
2022-07-13,30743.63,30979.17,30514.61,30772.79,321953031.0
2022-07-14,30451.8,30680.12,30143.93,30630.17,362360877.0
2022-07-15,30775.37,31288.26,30775.37,31288.26,338528481.0
2022-07-18,31475.98,31644.68,30982.97,31072.61,311198805.0
2022-07-19,31165.91,31842.25,31165.91,31827.05,381296480.0
2022-07-20,31829.99,31944.45,31646.95,31874.84,319625781.0
2022-07-21,31826.49,32040.63,31534.08,32036.9,304723961.0
2022-07-22,32167.92,32219.25,31731.47,31899.29,321305304.0
2022-07-25,31950.93,32029.03,31821.67,31990.04,265766390.0
2022-07-26,31950.04,31950.04,31705.36,31761.54,334491551.0
2022-07-27,31865.05,32336.23,31799.43,32197.59,368000418.0
2022-07-28,32197.62,32609.54,31982.61,32529.63,353759297.0
2022-07-29,32515.62,32910.18,32493.02,32845.13,490626216.0
2022-08-01,32755.71,32972.03,32640.79,32798.4,325871189.0
2022-08-02,32691.29,32772.93,32387.12,32396.17,320936433.0
2022-08-03,32514.21,32912.74,32514.21,32812.5,343295632.0
2022-08-04,32805.69,32829.22,32652.63,32726.82,319099530.0
2022-08-05,32593.9,32814.61,32489.62,32803.47,276515010.0
2022-08-08,32877.36,33109.96,32769.1,32832.54,279502059.0
2022-08-09,32807.36,32877.53,32702.66,32774.41,283763882.0
2022-08-10,33130.63,33364.41,33130.63,33309.51,319158022.0
2022-08-11,33451.51,33651.8,33289.83,33336.67,310650630.0
2022-08-12,33430.72,33767.09,33398.32,33761.05,301347691.0
2022-08-15,33710.7,33954.71,33582.96,33912.44,264025541.0
2022-08-16,33924.35,34281.36,33852.57,34152.01,292106975.0
2022-08-17,34029.55,34161.01,33828.41,33980.32,286440403.0
2022-08-18,33981.86,34043.83,33844.46,33999.04,284393452.0
2022-08-19,33904.69,33904.69,33627.09,33706.74,299066404.0
2022-08-22,33586.59,33586.59,33007.63,33063.61,310655878.0
2022-08-23,33033.52,33138.26,32858.89,32909.59,255078160.0
2022-08-24,32899.01,33095.5,32828.56,32969.23,259734294.0
2022-08-25,33029.27,33306.09,32889.85,33291.78,308882375.0
2022-08-26,33293.43,33364.7,32278.22,32283.4,353722890.0
2022-08-29,32188.0,32325.16,31972.79,32098.99,320328827.0
2022-08-30,32163.84,32205.66,31647.22,31790.87,330487525.0
2022-08-31,31827.15,31966.04,31509.59,31510.43,395791149.0
2022-09-01,31454.58,31677.51,31219.75,31656.42,340333015.74026
2022-09-02,31848.5,32026.9,31182.09,31318.44,306509704.0
2022-09-06,31343.79,31463.89,31048.46,31145.3,349251416.0
2022-09-07,31145.63,31644.34,31095.21,31581.28,355462933.0
2022-09-08,31481.95,31783.37,31321.5,31774.52,344817750.0
2022-09-09,31876.22,32227.74,31876.22,32151.71,312658451.0
2022-09-12,32159.49,32504.04,32159.49,32381.34,344256236.0
2022-09-13,32006.5,32006.5,31018.54,31104.97,435546780.0
2022-09-14,31141.02,31276.82,30885.02,31135.09,354389873.0
2022-09-15,31124.68,31277.69,30882.08,30961.82,349847879.0
2022-09-16,30866.61,30866.61,30550.08,30822.42,627183046.0
2022-09-19,30722.86,31026.89,30559.37,31019.68,297103102.0
2022-09-20,30888.53,30888.53,30465.91,30706.23,321727349.0
2022-09-21,30819.39,31020.79,30181.99,30183.78,356306903.0
2022-09-22,30204.52,30302.28,29994.53,30076.68,335769833.0
2022-09-23,29955.65,29955.65,29250.47,29590.41,389920073.0
2022-09-26,29536.84,29630.77,29161.12,29260.81,374813094.0
2022-09-27,29419.88,29659.12,28958.22,29134.99,356299259.0
2022-09-28,29198.92,29811.78,29114.97,29683.74,439769945.0
2022-09-29,29513.73,29513.73,28997.34,29225.61,395319566.0
2022-09-30,29123.03,29355.78,28715.85,28725.51,467447554.0
2022-10-03,28855.25,29647.79,28855.25,29490.89,400351325.0
2022-10-04,29826.67,30325.05,29826.67,30316.32,379405685.0
2022-10-05,30078.36,30454.46,29886.44,30273.87,293025281.0
2022-10-06,30206.13,30329.61,29859.34,29926.94,309524562.0
2022-10-07,29685.27,29685.27,29142.66,29296.79,370733892.0
2022-10-10,29419.09,29485.82,29010.41,29202.88,318747441.0
2022-10-11,29085.2,29608.42,29074.23,29239.19,358851780.0
2022-10-12,29233.06,29455.12,29136.03,29210.85,307202072.0
2022-10-13,28755.83,30168.54,28660.94,30038.72,473098183.0
2022-10-14,30192.21,30428.82,29614.3,29634.83,381327903.0
2022-10-17,30059.58,30311.95,29997.62,30185.82,374729563.0
2022-10-18,30786.08,30837.9,30301.83,30523.8,391159153.0
2022-10-19,30439.04,30662.11,30226.9,30423.81,316118359.0
2022-10-20,30411.92,30822.96,30265.2,30333.59,333692781.0
2022-10-21,30291.18,31119.27,30206.28,31082.56,421214048.0
2022-10-24,31187.32,31603.63,31161.41,31499.62,345945262.0
2022-10-25,31463.65,31876.15,31423.53,31836.74,346983953.0
2022-10-26,31738.44,32172.42,31738.44,31839.11,431510104.0
2022-10-27,32062.14,32388.42,31993.21,32033.28,401358880.0
2022-10-28,32204.31,32889.81,32158.38,32861.8,500050199.0
2022-10-31,32754.27,32883.86,32586.93,32732.95,394319372.0
2022-11-01,32862.79,32975.48,32485.23,32653.2,326322368.0
2022-11-02,32576.28,33071.93,32139.77,32147.76,401208174.0
2022-11-03,31985.05,32185.71,31727.05,32001.25,358446783.0
2022-11-04,32265.01,32611.52,31938.92,32403.22,425633665.0
2022-11-07,32454.1,32895.59,32424.99,32827.0,341443491.0
2022-11-08,32934.56,33355.39,32831.46,33160.83,351177274.0
2022-11-09,33004.47,33065.11,32478.87,32513.94,361977695.0
2022-11-10,33263.91,33727.73,33167.82,33715.37,489082224.0
2022-11-11,33797.75,33817.96,33394.43,33747.86,432067718.0
2022-11-14,33662.05,33964.3,33533.96,33536.7,360481719.0
2022-11-15,33755.94,33987.06,33320.2,33592.92,392251317.0
2022-11-16,33554.93,33682.83,33516.99,33553.83,305861935.0
2022-11-17,33329.27,33616.02,33239.75,33546.32,321993147.0
2022-11-18,33606.59,33827.94,33540.64,33745.69,314808240.0
2022-11-21,33760.3,33864.59,33559.18,33700.28,353729034.0
2022-11-22,33810.05,34115.7,33810.05,34098.1,279856397.0
2022-11-23,34091.57,34262.07,34004.64,34194.06,237182894.0
2022-11-25,34213.04,34386.51,34199.57,34347.03,132181690.0
2022-11-28,34275.91,34303.88,33799.35,33849.46,303537409.0
2022-11-29,33847.8,33933.91,33662.45,33852.53,283093962.0
2022-11-30,33795.43,34589.77,33583.77,34589.77,554100958.0
2022-12-01,34533.59,34595.51,34129.35,34395.01,349874246.0
2022-12-02,34265.45,34483.21,34039.73,34429.88,291280437.0
2022-12-05,34335.73,34335.73,33846.81,33947.1,316730600.0
2022-12-06,33936.87,34006.63,33418.59,33596.34,308065247.0
2022-12-07,33556.4,33774.27,33503.67,33597.92,295575359.0
2022-12-08,33695.97,33899.17,33642.46,33781.48,273082104.0
2022-12-09,33746.71,33844.63,33462.65,33476.46,292806940.0
2022-12-12,33519.5,34005.04,33519.5,34005.04,321450940.0
2022-12-13,34268.44,34712.28,33890.88,34108.64,446557733.0
2022-12-14,34086.07,34395.65,33704.17,33966.35,345706520.0
2022-12-15,33773.0,33773.0,33016.16,33202.22,395761061.0
2022-12-16,33166.46,33166.46,32654.59,32920.46,789267239.0
2022-12-19,32921.45,33038.94,32581.97,32757.54,330825543.0
2022-12-20,32735.24,32992.23,32649.45,32849.74,309631994.0
2022-12-21,33028.09,33437.84,33028.09,33376.48,328388241.0
2022-12-22,33233.35,33233.35,32573.43,33027.49,342509235.0
2022-12-23,32961.06,33226.14,32814.02,33203.93,221932148.0
2022-12-27,33224.23,33387.72,33069.58,33241.56,247056048.0
2022-12-28,33264.76,33379.55,32869.15,32875.71,254988084.0
2022-12-29,33021.43,33293.42,33020.35,33220.8,246092457.0
2022-12-30,33121.61,33152.55,32847.82,33147.25,296466276.0
2023-01-03,33148.9,33387.52,32850.57,33136.37,358951411.0
2023-01-04,33165.14,33409.1,33033.48,33269.77,385620372.0
2023-01-05,33191.72,33191.72,32812.33,32930.08,343028691.0
2023-01-06,33055.3,33710.66,32997.39,33630.61,365807019.0
2023-01-09,33664.39,33935.11,33487.66,33517.65,328602398.0
2023-01-10,33516.43,33726.54,33421.8,33704.1,269943626.0
2023-01-11,33754.03,33974.69,33711.04,33973.01,302297828.0
2023-01-12,34047.86,34292.67,33792.1,34189.97,308605840.0
2023-01-13,34075.31,34342.32,33915.49,34302.61,274402048.0
2023-01-17,34222.32,34269.97,33860.67,33910.85,355886413.0
2023-01-18,33948.49,34016.53,33269.9,33296.96,355464262.0
2023-01-19,33171.35,33227.49,32982.05,33044.56,321657187.0
2023-01-20,33073.46,33381.95,32948.93,33375.49,371158867.0
2023-01-23,33439.56,33782.88,33316.25,33629.56,358080278.0
2023-01-24,33444.72,33782.92,33310.56,33733.96,310757130.0
2023-01-25,33538.36,33773.09,33273.21,33743.84,345164077.0
2023-01-26,33771.66,33953.79,33635.6,33949.41,337434538.0
2023-01-27,33952.93,34164.33,33830.85,33978.08,444748375.0
2023-01-30,33909.21,34055.29,33695.18,33717.09,350273436.0
2023-01-31,33803.56,34095.23,33664.91,34086.04,360899710.0
2023-02-01,34039.6,34334.7,33581.42,34092.96,373274410.0
2023-02-02,34129.3,34145.14,33814.78,34053.94,450418447.0
2023-02-03,33926.3,34179.58,33813.86,33926.01,425692306.0
2023-02-06,33874.44,33962.84,33683.58,33891.02,297051674.0
2023-02-07,33769.78,34240.0,33634.1,34156.69,362844008.0
2023-02-08,34132.9,34161.65,33899.79,33949.01,331798754.0
2023-02-09,34105.61,34252.57,33607.13,33699.88,352340883.0
2023-02-10,33671.54,33897.31,33591.99,33869.27,290040929.0
2023-02-13,33887.39,34249.6,33887.39,34245.93,304272069.0
2023-02-14,34194.09,34331.47,33827.45,34089.27,293168223.0
2023-02-15,34008.63,34130.49,33833.1,34128.05,273467000.0
2023-02-16,33992.09,34041.16,33686.59,33696.85,319323817.0
2023-02-17,33677.01,33846.64,33517.73,33826.69,308061616.0
2023-02-21,33699.69,33699.69,33115.74,33129.59,350724881.0
2023-02-22,33169.33,33245.97,32948.27,33045.09,326776120.0
2023-02-23,33175.39,33272.4,32795.67,33153.91,290347857.0
2023-02-24,32999.19,32999.19,32643.48,32816.92,279628144.0
2023-02-27,32906.16,33189.28,32814.18,32889.09,247086922.0
2023-02-28,32873.47,32873.47,32636.43,32656.7,310230592.0
2023-03-01,32656.37,32746.15,32500.71,32661.84,297667890.0
2023-03-02,32780.97,33083.45,32665.85,33003.57,319669922.0
2023-03-03,33076.33,33405.82,33008.41,33390.97,304499671.0
2023-03-06,33425.32,33572.22,33383.47,33431.44,332530856.0
2023-03-07,33428.31,33453.25,32838.21,32856.46,302316239.0
2023-03-08,32872.08,32903.44,32612.7,32798.4,244719997.0
2023-03-09,32876.83,32990.46,32190.6,32254.86,319329492.0
2023-03-10,32185.14,32422.1,31783.41,31909.64,400712458.0
2023-03-13,31819.93,32240.35,31624.87,31819.14,431496714.0
2023-03-14,32055.29,32306.59,31805.4,32155.4,396208485.0
2023-03-15,31759.87,31906.47,31429.82,31874.57,428767713.0
2023-03-16,31827.65,32281.61,31571.46,32246.55,444690354.0
2023-03-17,32217.32,32217.32,31728.7,31861.98,722354381.0
2023-03-20,31872.33,32280.07,31872.33,32244.58,360596493.0
2023-03-21,32420.71,32593.68,32346.12,32560.6,369359044.0
2023-03-22,32570.19,32761.89,32020.46,32030.11,333705955.0
2023-03-23,32101.49,32511.49,31864.74,32105.25,336280975.0
2023-03-24,32038.22,32257.24,31805.18,32237.53,319429769.0
2023-03-27,32276.72,32564.0,32276.72,32432.08,292283697.0
2023-03-28,32434.85,32551.01,32295.5,32394.25,250173070.0
2023-03-29,32566.54,32728.04,32539.94,32717.6,318140752.0
2023-03-30,32807.43,32905.8,32682.87,32859.03,289270938.0
2023-03-31,32901.96,33291.0,32901.96,33274.15,354753062.0
2023-04-03,33245.78,33632.9,33245.78,33601.15,316800581.0
2023-04-04,33594.79,33634.72,33275.62,33402.38,288019521.0
2023-04-05,33394.6,33543.84,33376.27,33482.72,288452635.0
2023-04-06,33420.96,33525.96,33325.37,33485.29,258980565.0
2023-04-10,33425.25,33590.24,33343.43,33586.52,233152458.0
2023-04-11,33586.75,33781.29,33586.75,33684.79,243461792.0
2023-04-12,33764.21,33895.43,33593.32,33646.5,260948041.0
2023-04-13,33668.97,34054.99,33605.17,34029.69,278388277.0
2023-04-14,33981.71,34082.94,33730.85,33886.47,278693054.0
2023-04-17,33930.46,33991.23,33796.91,33987.18,237068019.0
2023-04-18,33965.16,34018.62,33791.89,33976.63,256774245.0
2023-04-19,33889.83,33957.98,33814.65,33897.01,254664048.0
2023-04-20,33740.6,33875.39,33677.74,33786.62,310251427.0
2023-04-21,33793.6,33858.83,33688.57,33808.96,295639532.0
2023-04-24,33805.04,33891.15,33726.09,33875.4,260498038.0
2023-04-25,33828.34,33875.49,33525.39,33530.83,307900784.0
2023-04-26,33596.34,33645.83,33235.85,33301.87,326049499.0
2023-04-27,33381.66,33859.75,33374.65,33826.16,350636825.0
2023-04-28,33797.43,34104.56,33728.37,34098.16,355815900.0
2023-05-01,34116.81,34257.83,34030.14,34051.7,248810228.0
2023-05-02,34017.62,34017.75,33436.66,33684.53,276747396.0
2023-05-03,33726.64,33811.84,33396.05,33414.24,294290727.0
2023-05-04,33347.78,33354.86,32937.5,33127.74,321476862.0
2023-05-05,33248.55,33748.43,33248.55,33674.38,319007629.0
2023-05-08,33715.15,33747.49,33509.23,33618.69,231507400.0
2023-05-09,33589.85,33656.4,33509.72,33561.81,235456202.0
2023-05-10,33707.2,33772.09,33239.45,33531.33,279951909.0
2023-05-11,33383.89,33389.88,33127.7,33309.51,307877477.0
2023-05-12,33370.58,33406.4,33110.61,33300.62,228920301.0
2023-05-15,33321.21,33400.3,33161.93,33348.6,224760033.0
2023-05-16,33275.37,33290.85,33006.19,33012.14,253965033.0
2023-05-17,33092.48,33472.38,33050.41,33420.77,313601214.0
2023-05-18,33374.56,33579.91,33212.09,33535.91,334969507.0
2023-05-19,33582.95,33652.9,33336.66,33426.63,316192289.0
2023-05-22,33408.54,33512.3,33207.85,33286.58,272447867.0
2023-05-23,33190.6,33310.17,33013.29,33055.51,295463752.0
2023-05-24,33021.76,33031.75,32752.44,32799.92,255600629.0
2023-05-25,32854.26,32870.43,32586.56,32764.65,371808748.0
2023-05-26,32795.5,33162.06,32795.5,33093.34,343645214.0
2023-05-30,33103.65,33132.7,32893.97,33042.78,325106901.0
2023-05-31,32948.71,32984.83,32739.73,32908.27,696483463.0
2023-06-01,32929.85,33167.75,32704.51,33061.57,355324945.0
2023-06-02,33187.58,33805.0,33187.58,33762.76,389552042.0
2023-06-05,33771.13,33804.22,33552.79,33562.86,371843384.0
2023-06-06,33547.67,33631.25,33399.69,33573.28,296025484.0
2023-06-07,33562.47,33708.78,33546.11,33665.02,351805148.0
2023-06-08,33656.98,33873.81,33630.04,33833.61,273129891.0
2023-06-09,33852.44,33975.32,33787.16,33876.78,263349293.0
2023-06-12,33906.8,34077.84,33878.46,34066.33,310288659.0
2023-06-13,34111.08,34310.28,34107.98,34212.12,311171006.0
2023-06-14,34044.7,34151.42,33783.55,33979.33,358919866.0
2023-06-15,33945.98,34488.98,33945.98,34408.06,368616854.0
2023-06-16,34464.02,34588.68,34285.69,34299.12,656498309.0
2023-06-20,34206.66,34206.66,33915.93,34053.87,344918801.0
2023-06-21,33990.56,34097.93,33876.17,33951.52,328901783.0
2023-06-22,33900.47,34003.56,33835.39,33946.71,279602775.0
2023-06-23,33835.66,33835.66,33646.49,33727.43,383114857.0
2023-06-26,33730.79,33819.49,33610.32,33714.71,267948755.0
2023-06-27,33739.03,33975.65,33730.39,33926.74,297046041.0
2023-06-28,33881.38,33903.76,33755.92,33852.66,269788456.0
2023-06-29,33854.57,34147.68,33828.63,34122.42,284108537.0
2023-06-30,34269.92,34467.35,34269.92,34407.6,354767016.0
2023-07-03,34369.78,34465.6,34286.54,34418.47,161997524.0
2023-07-05,34344.72,34376.11,34226.98,34288.64,278496041.0
2023-07-06,34171.39,34171.39,33771.47,33922.26,296499833.0
2023-07-07,33837.07,34036.38,33716.75,33734.88,274961513.0
2023-07-10,33705.68,33958.36,33705.68,33944.4,301758799.0
2023-07-11,34056.94,34288.87,33993.01,34261.42,282095096.0
2023-07-12,34395.28,34586.94,34308.78,34347.43,336832212.0
2023-07-13,34412.31,34482.26,34365.33,34395.14,276915265.0
2023-07-14,34425.33,34592.26,34425.33,34509.03,303351157.0
2023-07-17,34499.74,34665.15,34418.72,34585.35,360624033.0
2023-07-18,34597.08,34986.36,34530.61,34951.93,389103124.0
2023-07-19,34991.21,35234.05,34991.21,35061.21,370775693.0
2023-07-20,35091.98,35372.77,35091.98,35225.18,343790812.0
2023-07-21,35274.32,35340.66,35186.05,35227.69,477187428.0
2023-07-24,35230.79,35463.97,35230.79,35411.24,291248515.0
2023-07-25,35421.49,35527.57,35365.26,35438.07,310560787.0
2023-07-26,35345.99,35633.61,35306.27,35520.12,349771915.0
2023-07-27,35558.79,35645.35,35216.58,35282.72,357717778.0
2023-07-28,35443.49,35565.51,35355.15,35459.29,370563575.0
2023-07-31,35465.97,35566.95,35430.22,35559.53,335123934.0
2023-08-01,35585.99,35679.13,35526.61,35630.68,261775187.0
2023-08-02,35551.92,35551.92,35226.26,35282.52,301995275.0
2023-08-03,35194.56,35348.2,35122.32,35215.89,268072077.0
2023-08-04,35230.13,35506.88,35033.76,35065.62,342241473.0
2023-08-07,35125.6,35497.38,35125.6,35473.13,302030595.0
2023-08-08,35345.4,35346.64,35007.41,35314.49,308976686.0
2023-08-09,35324.28,35370.89,35058.73,35123.36,324297057.0
2023-08-10,35231.54,35578.58,35107.6,35176.15,342997873.0
2023-08-11,35111.36,35354.6,35059.99,35281.4,282288331.0
2023-08-14,35273.89,35335.45,35169.97,35307.63,303983656.0
2023-08-15,35219.37,35219.37,34908.5,34946.39,326102063.0
2023-08-16,34914.96,35133.56,34757.37,34765.74,339718475.0
2023-08-17,34829.61,34888.48,34440.73,34474.83,404069962.0
2023-08-18,34368.36,34587.07,34263.19,34500.66,326377736.0
2023-08-21,34531.28,34570.96,34248.46,34463.69,412914418.0
2023-08-22,34494.17,34514.04,34256.84,34288.83,281518567.0
2023-08-23,34338.59,34534.72,34321.0,34472.98,372599355.0
2023-08-24,34439.83,34694.68,34093.65,34099.42,353446670.0
2023-08-25,34217.06,34441.91,34029.22,34346.9,261775961.0
2023-08-28,34441.64,34652.91,34441.64,34559.98,227412268.0
2023-08-29,34531.12,34864.42,34531.12,34852.67,265282385.0
2023-08-30,34847.8,35025.57,34811.74,34890.24,239485958.0
2023-08-31,34909.09,35070.21,34719.77,34721.91,350420162.0
2023-09-01,34876.24,34979.18,34720.7,34837.71,294132512.0
2023-09-05,34843.22,34871.26,34635.63,34641.97,286902618.0
2023-09-06,34611.68,34611.68,34291.56,34443.19,309202233.0
2023-09-07,34351.18,34560.86,34351.18,34500.73,392758749.0
2023-09-08,34487.41,34627.85,34473.57,34576.59,296556277.0
2023-09-11,34650.01,34784.52,34578.59,34663.72,295925412.0
2023-09-12,34620.02,34852.61,34560.55,34645.99,320104990.0
2023-09-13,34667.28,34767.11,34509.95,34575.53,298940099.0
2023-09-14,34687.5,34977.97,34687.5,34907.11,308658319.0
2023-09-15,34902.04,34902.04,34572.27,34618.24,594814346.0
2023-09-18,34612.29,34725.06,34545.35,34624.3,259435785.0
2023-09-19,34571.84,34597.56,34311.69,34517.73,287860368.0
2023-09-20,34575.5,34776.28,34434.29,34440.88,297957332.0
2023-09-21,34332.23,34378.3,34058.72,34070.42,335370895.0
2023-09-22,34077.08,34156.15,33947.24,33963.84,271637529.0
2023-09-25,33907.59,34017.53,33780.67,34006.88,231585605.0
2023-09-26,33862.68,33879.93,33569.6,33618.88,282543663.0
2023-09-27,33682.81,33731.65,33306.3,33550.27,303368775.0
2023-09-28,33519.44,33777.9,33473.5,33666.34,282471481.0
2023-09-29,33882.61,33893.68,33407.45,33507.5,322438923.0
2023-10-02,33455.5,33511.91,33219.56,33433.35,276528561.0
2023-10-03,33318.84,33398.54,32916.2,33002.38,296452054.0
2023-10-04,33034.18,33156.45,32873.23,33129.55,290370529.0
2023-10-05,33099.23,33174.38,32941.56,33119.57,278815766.0
2023-10-06,33040.7,33557.69,32846.94,33407.58,337664178.0
2023-10-09,33259.84,33631.81,33253.69,33604.65,229976281.0
2023-10-10,33683.41,33898.22,33604.32,33739.3,256640995.0
2023-10-11,33822.2,33882.55,33612.25,33804.87,258627278.0
2023-10-12,33845.65,33863.8,33455.6,33631.14,291116957.0
2023-10-13,33733.34,33957.72,33551.58,33670.29,306745701.0
2023-10-16,33832.42,34088.98,33832.42,33984.54,274583150.0
2023-10-17,33869.84,34147.63,33854.7,33997.65,281541051.0
2023-10-18,33960.25,33991.51,33598.64,33665.08,287296363.0
2023-10-19,33669.52,33852.39,33368.58,33414.17,310342216.0
2023-10-20,33365.27,33425.77,33118.12,33127.28,330372707.0
2023-10-23,32993.02,33234.85,32892.19,32936.41,346195549.0
2023-10-24,33089.64,33272.19,32988.43,33141.38,364289302.0
2023-10-25,33203.53,33267.91,32989.72,33035.93,357556588.0
2023-10-26,33017.17,33105.03,32743.99,32784.3,385901783.0
2023-10-27,32782.4,32787.56,32327.2,32417.59,379993519.0
2023-10-30,32537.54,33002.97,32537.54,32928.96,301892306.0
2023-10-31,33029.11,33070.28,32787.12,33052.87,310658092.0
2023-11-01,33081.87,33337.15,33010.85,33274.58,309656721.0
2023-11-02,33457.82,33852.96,33450.03,33839.08,320812366.0
2023-11-03,33988.83,34163.63,33946.6,34061.32,311932463.0
2023-11-06,34092.61,34167.26,33989.72,34095.86,268792617.0
2023-11-07,34075.65,34206.98,34026.72,34152.6,285862242.0
2023-11-08,34185.92,34252.75,33996.2,34112.27,282794277.0
2023-11-09,34163.71,34167.54,33859.77,33891.94,333027530.0
2023-11-10,34020.82,34310.36,33905.62,34283.1,305324236.0
2023-11-13,34259.25,34405.84,34205.81,34337.87,248845725.0
2023-11-14,34581.2,34931.01,34581.2,34827.7,333309169.0
2023-11-15,34906.72,35051.1,34868.48,34991.21,352372147.0
2023-11-16,34868.03,35022.46,34818.03,34945.47,438158282.0
2023-11-17,34964.82,35028.22,34882.82,34947.28,344495355.0
2023-11-20,34932.49,35227.48,34907.98,35151.04,339937833.0
2023-11-21,35104.84,35118.04,35038.44,35088.29,272476435.0
2023-11-22,35189.33,35315.2,35155.8,35273.03,240509534.0
2023-11-24,35299.9,35399.44,35299.9,35390.15,118712774.0
2023-11-27,35376.44,35410.37,35280.57,35333.47,263152590.0
2023-11-28,35332.13,35518.67,35307.73,35416.98,263379115.0
2023-11-29,35436.8,35579.13,35405.89,35430.42,301275699.0
2023-11-30,35596.57,35970.7,35592.22,35950.89,437639049.0
2023-12-01,35914.45,36264.85,35914.45,36245.5,333709302.0
2023-12-04,36089.38,36238.18,36029.69,36204.44,333822906.0
2023-12-05,36135.65,36164.68,36010.85,36124.56,313943660.0
2023-12-06,36183.73,36292.58,36024.25,36054.43,287597688.0
2023-12-07,36124.17,36164.17,36021.95,36117.38,291764008.0
2023-12-08,36084.82,36296.2,36061.64,36247.87,300264519.0
2023-12-11,36254.33,36416.18,36231.19,36404.93,343984305.0
2023-12-12,36442.1,36596.11,36373.22,36577.94,296759291.0
2023-12-13,36601.8,37094.85,36523.59,37090.24,368302232.0
2023-12-14,37115.63,37287.5,37051.52,37248.35,460129073.0
2023-12-15,37194.5,37347.6,37092.02,37305.16,797352806.0
2023-12-18,37330.14,37393.45,37284.85,37306.02,303903935.0
2023-12-19,37311.82,37562.83,37311.82,37557.92,278381494.0
2023-12-20,37520.13,37641.3,37073.04,37082.0,309902887.0
2023-12-21,37225.32,37418.76,37127.05,37404.35,263577864.0
2023-12-22,37349.27,37534.52,37268.88,37385.97,261852408.0
2023-12-26,37405.9,37617.99,37371.83,37545.33,215972300.0
2023-12-27,37518.62,37683.7,37488.6,37656.52,248497828.0
2023-12-28,37661.52,37778.85,37650.98,37710.1,202090074.0
2023-12-29,37701.63,37759.43,37538.8,37689.54,245115624.0
2024-01-02,37566.22,37790.08,37495.91,37715.04,354082092.0
2024-01-03,37629.23,37629.23,37401.85,37430.19,329505536.0
2024-01-04,37425.28,37716.41,37425.28,37440.34,381611976.0
2024-01-05,37455.46,37623.62,37323.82,37466.11,301751251.0
2024-01-08,37327.37,37692.92,37249.24,37683.01,365010116.0
2024-01-09,37523.55,37552.38,37373.3,37525.16,295428275.0
2024-01-10,37552.91,37740.77,37524.4,37695.73,282055770.0
2024-01-11,37747.14,37801.9,37424.28,37711.02,306373820.0
2024-01-12,37818.05,37825.27,37470.19,37592.98,287904558.0
2024-01-16,37493.54,37543.18,37201.39,37361.12,381204553.0
2024-01-17,37281.86,37371.66,37132.89,37266.67,292684164.0
2024-01-18,37300.81,37522.29,37122.95,37468.61,345048849.0
2024-01-19,37572.5,37933.73,37451.71,37863.8,383624881.0
2024-01-22,37919.55,38109.2,37911.61,38001.81,351030380.0
2024-01-23,37959.79,37980.73,37804.99,37905.45,342349908.0
2024-01-24,37975.37,38064.22,37795.71,37806.39,346008597.0
2024-01-25,37862.57,38057.53,37796.47,38049.13,412923986.0
2024-01-26,38006.68,38215.31,37997.77,38109.43,389478029.0
2024-01-29,38115.83,38343.93,38061.17,38333.45,317244505.0
2024-01-30,38298.23,38497.39,38257.8,38467.31,337031434.0
2024-01-31,38426.78,38588.86,38139.66,38150.3,457403550.0
2024-02-01,38175.34,38522.5,38106.84,38519.84,338731681.0
2024-02-02,38448.1,38783.62,38336.57,38654.42,387138485.0
2024-02-05,38546.77,38633.88,38220.4,38380.12,325369705.0
2024-02-06,38392.9,38545.28,38350.46,38521.36,280663184.0
2024-02-07,38613.89,38748.11,38571.01,38677.36,309422122.0
2024-02-08,38702.11,38755.68,38544.36,38726.33,322106288.0
2024-02-09,38731.97,38734.28,38567.9,38671.69,607679719.0
2024-02-12,38656.76,38927.08,38628.92,38797.38,280087843.0
2024-02-13,38699.17,38699.17,38039.86,38272.75,325245986.0
2024-02-14,38372.67,38442.56,38194.62,38424.27,283866105.0
2024-02-15,38397.94,38781.89,38397.94,38773.12,315861091.0
2024-02-16,38751.71,38825.03,38583.24,38627.99,293041391.0
2024-02-20,38576.26,38663.09,38460.2,38563.8,345174690.0
2024-02-21,38483.66,38618.03,38338.58,38612.24,289713432.0
2024-02-22,38845.19,39149.61,38802.07,39069.11,333051467.0
2024-02-23,39127.97,39282.28,39094.36,39131.53,293177978.0
2024-02-26,39144.79,39245.89,39025.8,39069.23,270205751.0
2024-02-27,39087.9,39087.9,38881.9,38972.41,254660441.0
2024-02-28,38938.08,38956.46,38741.68,38949.02,255894167.0
2024-02-29,39013.75,39074.13,38809.28,38996.39,481330562.0
2024-03-01,38989.51,39120.36,38850.5,39087.38,309347316.0
2024-03-04,38968.77,39087.86,38913.3,38989.83,372654641.0
2024-03-05,38906.98,38906.98,38457.83,38585.19,379728343.0
2024-03-06,38721.15,38858.13,38570.8,38661.05,335450319.0
2024-03-07,38784.3,38910.35,38730.13,38791.35,322501315.0
2024-03-08,38776.8,38971.15,38705.03,38722.69,325592316.0
2024-03-11,38667.21,38794.76,38483.25,38769.66,285909386.0
2024-03-12,38883.32,39071.56,38711.39,39005.49,308253353.0
2024-03-13,39054.58,39201.94,38937.92,39043.32,311499050.0
2024-03-14,39122.39,39160.25,38704.36,38905.66,347511841.0
2024-03-15,38809.65,38928.13,38618.2,38714.77,727712540.0
2024-03-18,38826.93,38898.41,38760.79,38790.43,313559132.0
2024-03-19,38819.61,39122.71,38761.28,39110.76,299971244.0
2024-03-20,39072.05,39529.13,38988.65,39512.13,337340117.0
2024-03-21,39661.03,39889.05,39589.23,39781.37,393752323.0
2024-03-22,39774.06,39824.76,39469.53,39475.9,319853417.0
2024-03-25,39410.54,39430.17,39296.03,39313.64,309817362.0
2024-03-26,39338.32,39439.44,39277.19,39282.33,295092779.0
2024-03-27,39461.98,39769.41,39461.98,39760.08,322613231.0
2024-03-28,39763.74,39868.59,39717.25,39807.37,385444942.0
2024-04-01,39807.93,39815.0,39491.22,39566.85,286523175.0
2024-04-02,39256.27,39256.27,39051.7,39170.24,647885569.0
2024-04-03,39139.59,39305.76,39017.13,39127.14,735390256.0
2024-04-04,39343.6,39421.35,38559.42,38596.98,333572955.0
2024-04-05,38664.98,39040.17,38602.18,38904.04,289950069.0
2024-04-08,38916.42,39013.2,38857.7,38892.8,267687039.0
2024-04-09,38983.66,38992.89,38572.09,38883.67,308061409.0
2024-04-10,38662.28,38662.28,38304.66,38461.51,311681940.0
2024-04-11,38523.26,38598.98,38197.28,38459.08,334838094.0
2024-04-12,38319.14,38319.14,37877.3,37983.24,420854777.0
2024-04-15,38075.38,38386.81,37657.79,37735.11,355805212.0
2024-04-16,37992.22,37992.22,37713.7,37798.97,320078718.0
2024-04-17,37949.67,38036.7,37611.56,37753.31,298883317.0
2024-04-18,37847.21,38083.76,37681.52,37775.38,286638088.0
2024-04-19,37801.98,38102.57,37781.61,37986.4,384596321.0
2024-04-22,38116.89,38447.16,37985.07,38239.98,334134195.0
2024-04-23,38356.07,38561.5,38297.72,38503.69,306022116.0
2024-04-24,38552.79,38552.79,38310.55,38460.92,325086001.0
2024-04-25,38052.09,38157.22,37754.38,38085.8,383044197.0
2024-04-26,38114.7,38337.64,38065.05,38239.66,365111812.0
